"id","doc_id","doc_type","booking","date","provider","customer","resource","product","amount","rate","income_type","data_type","stay_length"
"CFAVM110202401","-","-","","2024-01-01","","","AVM110","Monthly rent","25086.84","25086.84","B2X","Forecast",""
"CFAVM110202402","-","-","","2024-02-01","","","AVM110","Monthly rent","25086.84","25086.84","B2X","Forecast",""
"CFAVM110202403","-","-","","2024-03-01","","","AVM110","Monthly rent","25086.84","25086.84","B2X","Forecast",""
"CFAVM110202404","-","-","","2024-04-01","","","AVM110","Monthly rent","25086.84","25086.84","B2X","Forecast",""
"CFAVM110202405","-","-","","2024-05-01","","","AVM110","Monthly rent","21865.16","21865.16","B2X","Forecast",""
"CFAVM110202406","-","-","","2024-06-01","","","AVM110","Monthly rent","25352.66","25352.66","B2X","Forecast",""
"CFAVM110202407","-","-","","2024-07-01","","","AVM110","Monthly rent","19839.18","19839.18","B2X","Forecast",""
"CFAVM110202408","-","-","","2024-08-01","","","AVM110","Monthly rent","10580.9","10580.9","B2X","Forecast",""
"CFAVM110202409","-","-","","2024-09-01","","","AVM110","Monthly rent","25389.64","25389.64","B2X","Forecast",""
"CFAVM110202410","-","-","","2024-10-01","","","AVM110","Monthly rent","27082.28","27082.28","B2X","Forecast",""
"CFAVM110202411","-","-","","2024-11-01","","","AVM110","Monthly rent","27082.28","27082.28","B2X","Forecast",""
"CFAVM110202412","-","-","","2024-12-01","","","AVM110","Monthly rent","26800.17","26800.17","B2X","Forecast",""
"CFBAI033202401","-","-","","2024-01-01","","","BAI033","Monthly rent","30501.53","30501.53","B2X","Forecast",""
"CFBAI033202402","-","-","","2024-02-01","","","BAI033","Monthly rent","30501.53","30501.53","B2X","Forecast",""
"CFBAI033202403","-","-","","2024-03-01","","","BAI033","Monthly rent","30501.53","30501.53","B2X","Forecast",""
"CFBAI033202404","-","-","","2024-04-01","","","BAI033","Monthly rent","30501.53","30501.53","B2X","Forecast",""
"CFBAI033202405","-","-","","2024-05-01","","","BAI033","Monthly rent","30501.53","30501.53","B2X","Forecast",""
"CFBAI033202406","-","-","","2024-06-01","","","BAI033","Monthly rent","30501.53","30501.53","B2X","Forecast",""
"CFBAI033202407","-","-","","2024-07-01","","","BAI033","Monthly rent","30501.53","30501.53","B2X","Forecast",""
"CFBAI033202408","-","-","","2024-08-01","","","BAI033","Monthly rent","0","0","B2X","Forecast",""
"CFBAI033202409","-","-","","2024-09-01","","","BAI033","Monthly rent","31264.07","31264.07","B2X","Forecast",""
"CFBAI033202410","-","-","","2024-10-01","","","BAI033","Monthly rent","31264.07","31264.07","B2X","Forecast",""
"CFBAI033202411","-","-","","2024-11-01","","","BAI033","Monthly rent","31264.07","31264.07","B2X","Forecast",""
"CFBAI033202412","-","-","","2024-12-01","","","BAI033","Monthly rent","31264.07","31264.07","B2X","Forecast",""
"CFBLM335202401","-","-","","2024-01-01","","","BLM335","Monthly rent","95147.61","95147.61","B2X","Forecast",""
"CFBLM335202402","-","-","","2024-02-01","","","BLM335","Monthly rent","95147.61","95147.61","B2X","Forecast",""
"CFBLM335202403","-","-","","2024-03-01","","","BLM335","Monthly rent","95147.61","95147.61","B2X","Forecast",""
"CFBLM335202404","-","-","","2024-04-01","","","BLM335","Monthly rent","95147.61","95147.61","B2X","Forecast",""
"CFBLM335202405","-","-","","2024-05-01","","","BLM335","Monthly rent","92142.95","92142.95","B2X","Forecast",""
"CFBLM335202406","-","-","","2024-06-01","","","BLM335","Monthly rent","92142.95","92142.95","B2X","Forecast",""
"CFBLM335202407","-","-","","2024-07-01","","","BLM335","Monthly rent","72086.89","72086.89","B2X","Forecast",""
"CFBLM335202408","-","-","","2024-08-01","","","BLM335","Monthly rent","38446.34","38446.34","B2X","Forecast",""
"CFBLM335202409","-","-","","2024-09-01","","","BLM335","Monthly rent","92276.68","92276.68","B2X","Forecast",""
"CFBLM335202410","-","-","","2024-10-01","","","BLM335","Monthly rent","98428.46","98428.46","B2X","Forecast",""
"CFBLM335202411","-","-","","2024-11-01","","","BLM335","Monthly rent","98428.46","98428.46","B2X","Forecast",""
"CFBLM335202412","-","-","","2024-12-01","","","BLM335","Monthly rent","97403.16","97403.16","B2X","Forecast",""
"CFCCD012202401","-","-","","2024-01-01","","","CCD012","Monthly rent","8460","8460","B2X","Forecast",""
"CFCCD012202402","-","-","","2024-02-01","","","CCD012","Monthly rent","8460","8460","B2X","Forecast",""
"CFCCD012202403","-","-","","2024-03-01","","","CCD012","Monthly rent","8460","8460","B2X","Forecast",""
"CFCCD012202404","-","-","","2024-04-01","","","CCD012","Monthly rent","8460","8460","B2X","Forecast",""
"CFCCD012202405","-","-","","2024-05-01","","","CCD012","Monthly rent","2538.0","2538.0","B2X","Forecast",""
"CFCCD012202406","-","-","","2024-06-01","","","CCD012","Monthly rent","5706.72","5706.72","B2X","Forecast",""
"CFCCD012202407","-","-","","2024-07-01","","","CCD012","Monthly rent","5706.72","5706.72","B2X","Forecast",""
"CFCCD012202408","-","-","","2024-08-01","","","CCD012","Monthly rent","2853.36","2853.36","B2X","Forecast",""
"CFCCD012202409","-","-","","2024-09-01","","","CCD012","Monthly rent","9505.26","9505.26","B2X","Forecast",""
"CFCCD012202410","-","-","","2024-10-01","","","CCD012","Monthly rent","9505.26","9505.26","B2X","Forecast",""
"CFCCD012202411","-","-","","2024-11-01","","","CCD012","Monthly rent","9505.26","9505.26","B2X","Forecast",""
"CFCCD012202412","-","-","","2024-12-01","","","CCD012","Monthly rent","9505.26","9505.26","B2X","Forecast",""
"CFCDC222202401","-","-","","2024-01-01","","","CDC222","Monthly rent","13655.48","13655.48","B2X","Forecast",""
"CFCDC222202402","-","-","","2024-02-01","","","CDC222","Monthly rent","13655.48","13655.48","B2X","Forecast",""
"CFCDC222202403","-","-","","2024-03-01","","","CDC222","Monthly rent","13655.48","13655.48","B2X","Forecast",""
"CFCDC222202404","-","-","","2024-04-01","","","CDC222","Monthly rent","13655.48","13655.48","B2X","Forecast",""
"CFCDC222202405","-","-","","2024-05-01","","","CDC222","Monthly rent","13655.48","13655.48","B2X","Forecast",""
"CFCDC222202406","-","-","","2024-06-01","","","CDC222","Monthly rent","13655.48","13655.48","B2X","Forecast",""
"CFCDC222202407","-","-","","2024-07-01","","","CDC222","Monthly rent","13107.92","13107.92","B2X","Forecast",""
"CFCDC222202408","-","-","","2024-08-01","","","CDC222","Monthly rent","12693.99","12693.99","B2X","Forecast",""
"CFCDC222202409","-","-","","2024-09-01","","","CDC222","Monthly rent","13537.85","13537.85","B2X","Forecast",""
"CFCDC222202410","-","-","","2024-10-01","","","CDC222","Monthly rent","11074.46","11074.46","B2X","Forecast",""
"CFCDC222202411","-","-","","2024-11-01","","","CDC222","Monthly rent","5906.38","5906.38","B2X","Forecast",""
"CFCDC222202412","-","-","","2024-12-01","","","CDC222","Monthly rent","13289.35","13289.35","B2X","Forecast",""
"CFCDC538202401","-","-","","2024-01-01","","","CDC538","Monthly rent","0","0","B2X","Forecast",""
"CFCDC538202402","-","-","","2024-02-01","","","CDC538","Monthly rent","0","0","B2X","Forecast",""
"CFCDC538202403","-","-","","2024-03-01","","","CDC538","Monthly rent","0","0","B2X","Forecast",""
"CFCDC538202404","-","-","","2024-04-01","","","CDC538","Monthly rent","0","0","B2X","Forecast",""
"CFCDC538202405","-","-","","2024-05-01","","","CDC538","Monthly rent","0","0","B2X","Forecast",""
"CFCDC538202406","-","-","","2024-06-01","","","CDC538","Monthly rent","0","0","B2X","Forecast",""
"CFCDC538202407","-","-","","2024-07-01","","","CDC538","Monthly rent","0","0","B2X","Forecast",""
"CFCDC538202408","-","-","","2024-08-01","","","CDC538","Monthly rent","0","0","B2X","Forecast",""
"CFCDC538202409","-","-","","2024-09-01","","","CDC538","Monthly rent","18845.74","18845.74","B2X","Forecast",""
"CFCDC538202410","-","-","","2024-10-01","","","CDC538","Monthly rent","18845.74","18845.74","B2X","Forecast",""
"CFCDC538202411","-","-","","2024-11-01","","","CDC538","Monthly rent","18845.74","18845.74","B2X","Forecast",""
"CFCDC538202412","-","-","","2024-12-01","","","CDC538","Monthly rent","18845.74","18845.74","B2X","Forecast",""
"CFCOR207202401","-","-","","2024-01-01","","","COR207","Monthly rent","25927.41","25927.41","B2X","Forecast",""
"CFCOR207202402","-","-","","2024-02-01","","","COR207","Monthly rent","26592.22","26592.22","B2X","Forecast",""
"CFCOR207202403","-","-","","2024-03-01","","","COR207","Monthly rent","26592.22","26592.22","B2X","Forecast",""
"CFCOR207202404","-","-","","2024-04-01","","","COR207","Monthly rent","25927.41","25927.41","B2X","Forecast",""
"CFCOR207202405","-","-","","2024-05-01","","","COR207","Monthly rent","25108.65","25108.65","B2X","Forecast",""
"CFCOR207202406","-","-","","2024-06-01","","","COR207","Monthly rent","25752.47","25752.47","B2X","Forecast",""
"CFCOR207202407","-","-","","2024-07-01","","","COR207","Monthly rent","20139.63","20139.63","B2X","Forecast",""
"CFCOR207202408","-","-","","2024-08-01","","","COR207","Monthly rent","10741.14","10741.14","B2X","Forecast",""
"CFCOR207202409","-","-","","2024-09-01","","","COR207","Monthly rent","26362.65","26362.65","B2X","Forecast",""
"CFCOR207202410","-","-","","2024-10-01","","","COR207","Monthly rent","21491.29","21491.29","B2X","Forecast",""
"CFCOR207202411","-","-","","2024-11-01","","","COR207","Monthly rent","11462.02","11462.02","B2X","Forecast",""
"CFCOR207202412","-","-","","2024-12-01","","","COR207","Monthly rent","25789.55","25789.55","B2X","Forecast",""
"CFCSG396202401","-","-","","2024-01-01","","","CSG396","Monthly rent","4626.4","4626.4","B2X","Forecast",""
"CFCSG396202402","-","-","","2024-02-01","","","CSG396","Monthly rent","4626.4","4626.4","B2X","Forecast",""
"CFCSG396202403","-","-","","2024-03-01","","","CSG396","Monthly rent","4626.4","4626.4","B2X","Forecast",""
"CFCSG396202404","-","-","","2024-04-01","","","CSG396","Monthly rent","4626.4","4626.4","B2X","Forecast",""
"CFCSG396202405","-","-","","2024-05-01","","","CSG396","Monthly rent","4626.4","4626.4","B2X","Forecast",""
"CFCSG396202406","-","-","","2024-06-01","","","CSG396","Monthly rent","4626.4","4626.4","B2X","Forecast",""
"CFCSG396202407","-","-","","2024-07-01","","","CSG396","Monthly rent","4337.25","4337.25","B2X","Forecast",""
"CFCSG396202408","-","-","","2024-08-01","","","CSG396","Monthly rent","2024.05","2024.05","B2X","Forecast",""
"CFCSG396202409","-","-","","2024-09-01","","","CSG396","Monthly rent","16004.47","16004.47","B2X","Forecast",""
"CFCSG396202410","-","-","","2024-10-01","","","CSG396","Monthly rent","16004.47","16004.47","B2X","Forecast",""
"CFCSG396202411","-","-","","2024-11-01","","","CSG396","Monthly rent","16004.47","16004.47","B2X","Forecast",""
"CFCSG396202412","-","-","","2024-12-01","","","CSG396","Monthly rent","16004.47","16004.47","B2X","Forecast",""
"CFDCT075202401","-","-","","2024-01-01","","","DCT075","Monthly rent","0","0","B2X","Forecast",""
"CFDCT075202402","-","-","","2024-02-01","","","DCT075","Monthly rent","0","0","B2X","Forecast",""
"CFDCT075202403","-","-","","2024-03-01","","","DCT075","Monthly rent","0","0","B2X","Forecast",""
"CFDCT075202404","-","-","","2024-04-01","","","DCT075","Monthly rent","0","0","B2X","Forecast",""
"CFDCT075202405","-","-","","2024-05-01","","","DCT075","Monthly rent","0","0","B2X","Forecast",""
"CFDCT075202406","-","-","","2024-06-01","","","DCT075","Monthly rent","0","0","B2X","Forecast",""
"CFDCT075202407","-","-","","2024-07-01","","","DCT075","Monthly rent","0","0","B2X","Forecast",""
"CFDCT075202408","-","-","","2024-08-01","","","DCT075","Monthly rent","0","0","B2X","Forecast",""
"CFDCT075202409","-","-","","2024-09-01","","","DCT075","Monthly rent","49178.25","49178.25","B2X","Forecast",""
"CFDCT075202410","-","-","","2024-10-01","","","DCT075","Monthly rent","49178.25","49178.25","B2X","Forecast",""
"CFDCT075202411","-","-","","2024-11-01","","","DCT075","Monthly rent","49178.25","49178.25","B2X","Forecast",""
"CFDCT075202412","-","-","","2024-12-01","","","DCT075","Monthly rent","49178.25","49178.25","B2X","Forecast",""
"CFENC160202401","-","-","","2024-01-01","","","ENC160","Monthly rent","5970.63","5970.63","B2X","Forecast",""
"CFENC160202402","-","-","","2024-02-01","","","ENC160","Monthly rent","6123.72","6123.72","B2X","Forecast",""
"CFENC160202403","-","-","","2024-03-01","","","ENC160","Monthly rent","6123.72","6123.72","B2X","Forecast",""
"CFENC160202404","-","-","","2024-04-01","","","ENC160","Monthly rent","5970.63","5970.63","B2X","Forecast",""
"CFENC160202405","-","-","","2024-05-01","","","ENC160","Monthly rent","5782.08","5782.08","B2X","Forecast",""
"CFENC160202406","-","-","","2024-06-01","","","ENC160","Monthly rent","6123.72","6123.72","B2X","Forecast",""
"CFENC160202407","-","-","","2024-07-01","","","ENC160","Monthly rent","5878.17","5878.17","B2X","Forecast",""
"CFENC160202408","-","-","","2024-08-01","","","ENC160","Monthly rent","5692.55","5692.55","B2X","Forecast",""
"CFENC160202409","-","-","","2024-09-01","","","ENC160","Monthly rent","6070.97","6070.97","B2X","Forecast",""
"CFENC160202410","-","-","","2024-10-01","","","ENC160","Monthly rent","4949.16","4949.16","B2X","Forecast",""
"CFENC160202411","-","-","","2024-11-01","","","ENC160","Monthly rent","2639.55","2639.55","B2X","Forecast",""
"CFENC160202412","-","-","","2024-12-01","","","ENC160","Monthly rent","5938.99","5938.99","B2X","Forecast",""
"CFENT069202401","-","-","","2024-01-01","","","ENT069","Monthly rent","40996","40996","B2X","Forecast",""
"CFENT069202402","-","-","","2024-02-01","","","ENT069","Monthly rent","40996","40996","B2X","Forecast",""
"CFENT069202403","-","-","","2024-03-01","","","ENT069","Monthly rent","40996","40996","B2X","Forecast",""
"CFENT069202404","-","-","","2024-04-01","","","ENT069","Monthly rent","40996","40996","B2X","Forecast",""
"CFENT069202405","-","-","","2024-05-01","","","ENT069","Monthly rent","40996","40996","B2X","Forecast",""
"CFENT069202406","-","-","","2024-06-01","","","ENT069","Monthly rent","40996","40996","B2X","Forecast",""
"CFENT069202407","-","-","","2024-07-01","","","ENT069","Monthly rent","40996","40996","B2X","Forecast",""
"CFENT069202408","-","-","","2024-08-01","","","ENT069","Monthly rent","0","0","B2X","Forecast",""
"CFENT069202409","-","-","","2024-09-01","","","ENT069","Monthly rent","46563.7","46563.7","B2X","Forecast",""
"CFENT069202410","-","-","","2024-10-01","","","ENT069","Monthly rent","46563.7","46563.7","B2X","Forecast",""
"CFENT069202411","-","-","","2024-11-01","","","ENT069","Monthly rent","46563.7","46563.7","B2X","Forecast",""
"CFENT069202412","-","-","","2024-12-01","","","ENT069","Monthly rent","46563.7","46563.7","B2X","Forecast",""
"CFPFC002202401","-","-","","2024-01-01","","","PFC002","Monthly rent","28980.67","28980.67","B2X","Forecast",""
"CFPFC002202402","-","-","","2024-02-01","","","PFC002","Monthly rent","28980.67","28980.67","B2X","Forecast",""
"CFPFC002202403","-","-","","2024-03-01","","","PFC002","Monthly rent","28980.67","28980.67","B2X","Forecast",""
"CFPFC002202404","-","-","","2024-04-01","","","PFC002","Monthly rent","28980.67","28980.67","B2X","Forecast",""
"CFPFC002202405","-","-","","2024-05-01","","","PFC002","Monthly rent","28980.67","28980.67","B2X","Forecast",""
"CFPFC002202406","-","-","","2024-06-01","","","PFC002","Monthly rent","28980.67","28980.67","B2X","Forecast",""
"CFPFC002202407","-","-","","2024-07-01","","","PFC002","Monthly rent","28980.67","28980.67","B2X","Forecast",""
"CFPFC002202408","-","-","","2024-08-01","","","PFC002","Monthly rent","8280.19","8280.19","B2X","Forecast",""
"CFPFC002202409","-","-","","2024-09-01","","","PFC002","Monthly rent","40314.18","40314.18","B2X","Forecast",""
"CFPFC002202410","-","-","","2024-10-01","","","PFC002","Monthly rent","40314.18","40314.18","B2X","Forecast",""
"CFPFC002202411","-","-","","2024-11-01","","","PFC002","Monthly rent","40314.18","40314.18","B2X","Forecast",""
"CFPFC002202412","-","-","","2024-12-01","","","PFC002","Monthly rent","40314.18","40314.18","B2X","Forecast",""
"CFGCO024202401","-","-","","2024-01-01","","","GCO024","Monthly rent","0","0","B2X","Forecast",""
"CFGCO024202402","-","-","","2024-02-01","","","GCO024","Monthly rent","0","0","B2X","Forecast",""
"CFGCO024202403","-","-","","2024-03-01","","","GCO024","Monthly rent","0","0","B2X","Forecast",""
"CFGCO024202404","-","-","","2024-04-01","","","GCO024","Monthly rent","9387.75","9387.75","B2X","Forecast",""
"CFGCO024202405","-","-","","2024-05-01","","","GCO024","Monthly rent","28833.81","28833.81","B2X","Forecast",""
"CFGCO024202406","-","-","","2024-06-01","","","GCO024","Monthly rent","28833.81","28833.81","B2X","Forecast",""
"CFGCO024202407","-","-","","2024-07-01","","","GCO024","Monthly rent","27657.9","27657.9","B2X","Forecast",""
"CFGCO024202408","-","-","","2024-08-01","","","GCO024","Monthly rent","27657.9","27657.9","B2X","Forecast",""
"CFGCO024202409","-","-","","2024-09-01","","","GCO024","Monthly rent","47056.78","47056.78","B2X","Forecast",""
"CFGCO024202410","-","-","","2024-10-01","","","GCO024","Monthly rent","47056.78","47056.78","B2X","Forecast",""
"CFGCO024202411","-","-","","2024-11-01","","","GCO024","Monthly rent","47056.78","47056.78","B2X","Forecast",""
"CFGCO024202412","-","-","","2024-12-01","","","GCO024","Monthly rent","47056.78","47056.78","B2X","Forecast",""
"CFGTF000202401","-","-","","2024-01-01","","","GTF000","Monthly rent","39012.03","39012.03","B2X","Forecast",""
"CFGTF000202402","-","-","","2024-02-01","","","GTF000","Monthly rent","39012.03","39012.03","B2X","Forecast",""
"CFGTF000202403","-","-","","2024-03-01","","","GTF000","Monthly rent","39012.03","39012.03","B2X","Forecast",""
"CFGTF000202404","-","-","","2024-04-01","","","GTF000","Monthly rent","39012.03","39012.03","B2X","Forecast",""
"CFGTF000202405","-","-","","2024-05-01","","","GTF000","Monthly rent","39012.03","39012.03","B2X","Forecast",""
"CFGTF000202406","-","-","","2024-06-01","","","GTF000","Monthly rent","39012.03","39012.03","B2X","Forecast",""
"CFGTF000202407","-","-","","2024-07-01","","","GTF000","Monthly rent","28502.94","28502.94","B2X","Forecast",""
"CFGTF000202408","-","-","","2024-08-01","","","GTF000","Monthly rent","10179.62","10179.62","B2X","Forecast",""
"CFGTF000202409","-","-","","2024-09-01","","","GTF000","Monthly rent","48399.47","48399.47","B2X","Forecast",""
"CFGTF000202410","-","-","","2024-10-01","","","GTF000","Monthly rent","48399.47","48399.47","B2X","Forecast",""
"CFGTF000202411","-","-","","2024-11-01","","","GTF000","Monthly rent","48399.47","48399.47","B2X","Forecast",""
"CFGTF000202412","-","-","","2024-12-01","","","GTF000","Monthly rent","48399.47","48399.47","B2X","Forecast",""
"CFMUN448202401","-","-","","2024-01-01","","","MUN448","Monthly rent","21147.96","21147.96","B2X","Forecast",""
"CFMUN448202402","-","-","","2024-02-01","","","MUN448","Monthly rent","26214.65","26214.65","B2X","Forecast",""
"CFMUN448202403","-","-","","2024-03-01","","","MUN448","Monthly rent","26214.65","26214.65","B2X","Forecast",""
"CFMUN448202404","-","-","","2024-04-01","","","MUN448","Monthly rent","26214.65","26214.65","B2X","Forecast",""
"CFMUN448202405","-","-","","2024-05-01","","","MUN448","Monthly rent","28740.5","28740.5","B2X","Forecast",""
"CFMUN448202406","-","-","","2024-06-01","","","MUN448","Monthly rent","26944.22","26944.22","B2X","Forecast",""
"CFMUN448202407","-","-","","2024-07-01","","","MUN448","Monthly rent","22189.36","22189.36","B2X","Forecast",""
"CFMUN448202408","-","-","","2024-08-01","","","MUN448","Monthly rent","11094.68","11094.68","B2X","Forecast",""
"CFMUN448202409","-","-","","2024-09-01","","","MUN448","Monthly rent","58794.25","58794.25","B2X","Forecast",""
"CFMUN448202410","-","-","","2024-10-01","","","MUN448","Monthly rent","58794.25","58794.25","B2X","Forecast",""
"CFMUN448202411","-","-","","2024-11-01","","","MUN448","Monthly rent","58794.25","58794.25","B2X","Forecast",""
"CFMUN448202412","-","-","","2024-12-01","","","MUN448","Monthly rent","58794.25","58794.25","B2X","Forecast",""
"CFNAP206202401","-","-","","2024-01-01","","","NAP206","Monthly rent","26390.76","26390.76","B2X","Forecast",""
"CFNAP206202402","-","-","","2024-02-01","","","NAP206","Monthly rent","26390.76","26390.76","B2X","Forecast",""
"CFNAP206202403","-","-","","2024-03-01","","","NAP206","Monthly rent","26390.76","26390.76","B2X","Forecast",""
"CFNAP206202404","-","-","","2024-04-01","","","NAP206","Monthly rent","26390.76","26390.76","B2X","Forecast",""
"CFNAP206202405","-","-","","2024-05-01","","","NAP206","Monthly rent","25557.36","25557.36","B2X","Forecast",""
"CFNAP206202406","-","-","","2024-06-01","","","NAP206","Monthly rent","25557.36","25557.36","B2X","Forecast",""
"CFNAP206202407","-","-","","2024-07-01","","","NAP206","Monthly rent","19996.94","19996.94","B2X","Forecast",""
"CFNAP206202408","-","-","","2024-08-01","","","NAP206","Monthly rent","10665.03","10665.03","B2X","Forecast",""
"CFNAP206202409","-","-","","2024-09-01","","","NAP206","Monthly rent","25594.55","25594.55","B2X","Forecast",""
"CFNAP206202410","-","-","","2024-10-01","","","NAP206","Monthly rent","27300.85","27300.85","B2X","Forecast",""
"CFNAP206202411","-","-","","2024-11-01","","","NAP206","Monthly rent","27300.85","27300.85","B2X","Forecast",""
"CFNAP206202412","-","-","","2024-12-01","","","NAP206","Monthly rent","27016.47","27016.47","B2X","Forecast",""
"CFNAU014202401","-","-","","2024-01-01","","","NAU014","Monthly rent","0","0","B2X","Forecast",""
"CFNAU014202402","-","-","","2024-02-01","","","NAU014","Monthly rent","0","0","B2X","Forecast",""
"CFNAU014202403","-","-","","2024-03-01","","","NAU014","Monthly rent","6914.08","6914.08","B2X","Forecast",""
"CFNAU014202404","-","-","","2024-04-01","","","NAU014","Monthly rent","6914.08","6914.08","B2X","Forecast",""
"CFNAU014202405","-","-","","2024-05-01","","","NAU014","Monthly rent","6914.08","6914.08","B2X","Forecast",""
"CFNAU014202406","-","-","","2024-06-01","","","NAU014","Monthly rent","6914.08","6914.08","B2X","Forecast",""
"CFNAU014202407","-","-","","2024-07-01","","","NAU014","Monthly rent","6914.08","6914.08","B2X","Forecast",""
"CFNAU014202408","-","-","","2024-08-01","","","NAU014","Monthly rent","3457.04","3457.04","B2X","Forecast",""
"CFNAU014202409","-","-","","2024-09-01","","","NAU014","Monthly rent","9437.37","9437.37","B2X","Forecast",""
"CFNAU014202410","-","-","","2024-10-01","","","NAU014","Monthly rent","9437.37","9437.37","B2X","Forecast",""
"CFNAU014202411","-","-","","2024-11-01","","","NAU014","Monthly rent","9437.37","9437.37","B2X","Forecast",""
"CFNAU014202412","-","-","","2024-12-01","","","NAU014","Monthly rent","9437.37","9437.37","B2X","Forecast",""
"CFRAL006202401","-","-","","2024-01-01","","","RAL006","Monthly rent","16240.81","16240.81","B2X","Forecast",""
"CFRAL006202402","-","-","","2024-02-01","","","RAL006","Monthly rent","16240.81","16240.81","B2X","Forecast",""
"CFRAL006202403","-","-","","2024-03-01","","","RAL006","Monthly rent","16240.81","16240.81","B2X","Forecast",""
"CFRAL006202404","-","-","","2024-04-01","","","RAL006","Monthly rent","16240.81","16240.81","B2X","Forecast",""
"CFRAL006202405","-","-","","2024-05-01","","","RAL006","Monthly rent","16240.81","16240.81","B2X","Forecast",""
"CFRAL006202406","-","-","","2024-06-01","","","RAL006","Monthly rent","16240.81","16240.81","B2X","Forecast",""
"CFRAL006202407","-","-","","2024-07-01","","","RAL006","Monthly rent","16240.81","16240.81","B2X","Forecast",""
"CFRAL006202408","-","-","","2024-08-01","","","RAL006","Monthly rent","0","0","B2X","Forecast",""
"CFRAL006202409","-","-","","2024-09-01","","","RAL006","Monthly rent","16240.81","16240.81","B2X","Forecast",""
"CFRAL006202410","-","-","","2024-10-01","","","RAL006","Monthly rent","16240.81","16240.81","B2X","Forecast",""
"CFRAL006202411","-","-","","2024-11-01","","","RAL006","Monthly rent","16240.81","16240.81","B2X","Forecast",""
"CFRAL006202412","-","-","","2024-12-01","","","RAL006","Monthly rent","16240.81","16240.81","B2X","Forecast",""
"CFROB67B202401","-","-","","2024-01-01","","","ROB67B","Monthly rent","36472.41","36472.41","B2X","Forecast",""
"CFROB67B202402","-","-","","2024-02-01","","","ROB67B","Monthly rent","36472.41","36472.41","B2X","Forecast",""
"CFROB67B202403","-","-","","2024-03-01","","","ROB67B","Monthly rent","36472.41","36472.41","B2X","Forecast",""
"CFROB67B202404","-","-","","2024-04-01","","","ROB67B","Monthly rent","36472.41","36472.41","B2X","Forecast",""
"CFROB67B202405","-","-","","2024-05-01","","","ROB67B","Monthly rent","29177.93","29177.93","B2X","Forecast",""
"CFROB67B202406","-","-","","2024-06-01","","","ROB67B","Monthly rent","36472.41","36472.41","B2X","Forecast",""
"CFROB67B202407","-","-","","2024-07-01","","","ROB67B","Monthly rent","27912.56","27912.56","B2X","Forecast",""
"CFROB67B202408","-","-","","2024-08-01","","","ROB67B","Monthly rent","744.33","744.33","B2X","Forecast",""
"CFROB67B202409","-","-","","2024-09-01","","","ROB67B","Monthly rent","2237.06","2237.06","B2X","Forecast",""
"CFROB67B202410","-","-","","2024-10-01","","","ROB67B","Monthly rent","2237.06","2237.06","B2X","Forecast",""
"CFROB67B202411","-","-","","2024-11-01","","","ROB67B","Monthly rent","2237.06","2237.06","B2X","Forecast",""
"CFROB67B202412","-","-","","2024-12-01","","","ROB67B","Monthly rent","2237.06","2237.06","B2X","Forecast",""
"CFRCF219202401","-","-","","2024-01-01","","","RCF219","Monthly rent","32965.66","32965.66","B2X","Forecast",""
"CFRCF219202402","-","-","","2024-02-01","","","RCF219","Monthly rent","32965.66","32965.66","B2X","Forecast",""
"CFRCF219202403","-","-","","2024-03-01","","","RCF219","Monthly rent","32965.66","32965.66","B2X","Forecast",""
"CFRCF219202404","-","-","","2024-04-01","","","RCF219","Monthly rent","32965.66","32965.66","B2X","Forecast",""
"CFRCF219202405","-","-","","2024-05-01","","","RCF219","Monthly rent","30009.16","30009.16","B2X","Forecast",""
"CFRCF219202406","-","-","","2024-06-01","","","RCF219","Monthly rent","32479.14","32479.14","B2X","Forecast",""
"CFRCF219202407","-","-","","2024-07-01","","","RCF219","Monthly rent","25415.86","25415.86","B2X","Forecast",""
"CFRCF219202408","-","-","","2024-08-01","","","RCF219","Monthly rent","13555.13","13555.13","B2X","Forecast",""
"CFRCF219202409","-","-","","2024-09-01","","","RCF219","Monthly rent","36308.67","36308.67","B2X","Forecast",""
"CFRCF219202410","-","-","","2024-10-01","","","RCF219","Monthly rent","38729.25","38729.25","B2X","Forecast",""
"CFRCF219202411","-","-","","2024-11-01","","","RCF219","Monthly rent","38729.25","38729.25","B2X","Forecast",""
"CFRCF219202412","-","-","","2024-12-01","","","RCF219","Monthly rent","38325.82","38325.82","B2X","Forecast",""
"CFRDC044202401","-","-","","2024-01-01","","","RDC044","Monthly rent","56419.61","56419.61","B2X","Forecast",""
"CFRDC044202402","-","-","","2024-02-01","","","RDC044","Monthly rent","57866.27","57866.27","B2X","Forecast",""
"CFRDC044202403","-","-","","2024-03-01","","","RDC044","Monthly rent","57866.27","57866.27","B2X","Forecast",""
"CFRDC044202404","-","-","","2024-04-01","","","RDC044","Monthly rent","56419.61","56419.61","B2X","Forecast",""
"CFRDC044202405","-","-","","2024-05-01","","","RDC044","Monthly rent","54637.94","54637.94","B2X","Forecast",""
"CFRDC044202406","-","-","","2024-06-01","","","RDC044","Monthly rent","56038.91","56038.91","B2X","Forecast",""
"CFRDC044202407","-","-","","2024-07-01","","","RDC044","Monthly rent","43852.06","43852.06","B2X","Forecast",""
"CFRDC044202408","-","-","","2024-08-01","","","RDC044","Monthly rent","23387.77","23387.77","B2X","Forecast",""
"CFRDC044202409","-","-","","2024-09-01","","","RDC044","Monthly rent","54751.86","54751.86","B2X","Forecast",""
"CFRDC044202410","-","-","","2024-10-01","","","RDC044","Monthly rent","58401.98","58401.98","B2X","Forecast",""
"CFRDC044202411","-","-","","2024-11-01","","","RDC044","Monthly rent","58401.98","58401.98","B2X","Forecast",""
"CFRDC044202412","-","-","","2024-12-01","","","RDC044","Monthly rent","57793.63","57793.63","B2X","Forecast",""
"CFSAL046202401","-","-","","2024-01-01","","","SAL046","Monthly rent","35512.7","35512.7","B2X","Forecast",""
"CFSAL046202402","-","-","","2024-02-01","","","SAL046","Monthly rent","35512.7","35512.7","B2X","Forecast",""
"CFSAL046202403","-","-","","2024-03-01","","","SAL046","Monthly rent","35512.7","35512.7","B2X","Forecast",""
"CFSAL046202404","-","-","","2024-04-01","","","SAL046","Monthly rent","35512.7","35512.7","B2X","Forecast",""
"CFSAL046202405","-","-","","2024-05-01","","","SAL046","Monthly rent","34391.25","34391.25","B2X","Forecast",""
"CFSAL046202406","-","-","","2024-06-01","","","SAL046","Monthly rent","34391.25","34391.25","B2X","Forecast",""
"CFSAL046202407","-","-","","2024-07-01","","","SAL046","Monthly rent","26912.14","26912.14","B2X","Forecast",""
"CFSAL046202408","-","-","","2024-08-01","","","SAL046","Monthly rent","14353.14","14353.14","B2X","Forecast",""
"CFSAL046202409","-","-","","2024-09-01","","","SAL046","Monthly rent","34441.42","34441.42","B2X","Forecast",""
"CFSAL046202410","-","-","","2024-10-01","","","SAL046","Monthly rent","36737.51","36737.51","B2X","Forecast",""
"CFSAL046202411","-","-","","2024-11-01","","","SAL046","Monthly rent","36737.51","36737.51","B2X","Forecast",""
"CFSAL046202412","-","-","","2024-12-01","","","SAL046","Monthly rent","36354.83","36354.83","B2X","Forecast",""
"CFSAR326202401","-","-","","2024-01-01","","","SAR326","Monthly rent","14362.56","14362.56","B2X","Forecast",""
"CFSAR326202402","-","-","","2024-02-01","","","SAR326","Monthly rent","14362.56","14362.56","B2X","Forecast",""
"CFSAR326202403","-","-","","2024-03-01","","","SAR326","Monthly rent","14362.56","14362.56","B2X","Forecast",""
"CFSAR326202404","-","-","","2024-04-01","","","SAR326","Monthly rent","14362.56","14362.56","B2X","Forecast",""
"CFSAR326202405","-","-","","2024-05-01","","","SAR326","Monthly rent","14362.56","14362.56","B2X","Forecast",""
"CFSAR326202406","-","-","","2024-06-01","","","SAR326","Monthly rent","14362.56","14362.56","B2X","Forecast",""
"CFSAR326202407","-","-","","2024-07-01","","","SAR326","Monthly rent","6027.91","6027.91","B2X","Forecast",""
"CFSAR326202408","-","-","","2024-08-01","","","SAR326","Monthly rent","0","0","B2X","Forecast",""
"CFSAR326202409","-","-","","2024-09-01","","","SAR326","Monthly rent","14703.18","14703.18","B2X","Forecast",""
"CFSAR326202410","-","-","","2024-10-01","","","SAR326","Monthly rent","14703.18","14703.18","B2X","Forecast",""
"CFSAR326202411","-","-","","2024-11-01","","","SAR326","Monthly rent","14703.18","14703.18","B2X","Forecast",""
"CFSAR326202412","-","-","","2024-12-01","","","SAR326","Monthly rent","14703.18","14703.18","B2X","Forecast",""
"CFTDG043202401","-","-","","2024-01-01","","","TDG043","Monthly rent","45786.07","45786.07","B2X","Forecast",""
"CFTDG043202402","-","-","","2024-02-01","","","TDG043","Monthly rent","45786.07","45786.07","B2X","Forecast",""
"CFTDG043202403","-","-","","2024-03-01","","","TDG043","Monthly rent","45786.07","45786.07","B2X","Forecast",""
"CFTDG043202404","-","-","","2024-04-01","","","TDG043","Monthly rent","36399.93","36399.93","B2X","Forecast",""
"CFTDG043202405","-","-","","2024-05-01","","","TDG043","Monthly rent","14545.32","14545.32","B2X","Forecast",""
"CFTDG043202406","-","-","","2024-06-01","","","TDG043","Monthly rent","46608.36","46608.36","B2X","Forecast",""
"CFTDG043202407","-","-","","2024-07-01","","","TDG043","Monthly rent","39249.15","39249.15","B2X","Forecast",""
"CFTDG043202408","-","-","","2024-08-01","","","TDG043","Monthly rent","9812.29","9812.29","B2X","Forecast",""
"CFTDG043202409","-","-","","2024-09-01","","","TDG043","Monthly rent","45259.17","45259.17","B2X","Forecast",""
"CFTDG043202410","-","-","","2024-10-01","","","TDG043","Monthly rent","45259.17","45259.17","B2X","Forecast",""
"CFTDG043202411","-","-","","2024-11-01","","","TDG043","Monthly rent","45259.17","45259.17","B2X","Forecast",""
"CFTDG043202412","-","-","","2024-12-01","","","TDG043","Monthly rent","45259.17","45259.17","B2X","Forecast",""
"CSAVM110202401","-","-","","2024-01-01","","","AVM110","Monthly rent","26380.35","26380.35","B2X","Stabilised",""
"CSAVM110202402","-","-","","2024-02-01","","","AVM110","Monthly rent","26380.35","26380.35","B2X","Stabilised",""
"CSAVM110202403","-","-","","2024-03-01","","","AVM110","Monthly rent","25824.97","25824.97","B2X","Stabilised",""
"CSAVM110202404","-","-","","2024-04-01","","","AVM110","Monthly rent","25824.97","25824.97","B2X","Stabilised",""
"CSAVM110202405","-","-","","2024-05-01","","","AVM110","Monthly rent","24991.91","24991.91","B2X","Stabilised",""
"CSAVM110202406","-","-","","2024-06-01","","","AVM110","Monthly rent","24991.91","24991.91","B2X","Stabilised",""
"CSAVM110202407","-","-","","2024-07-01","","","AVM110","Monthly rent","20826.59","20826.59","B2X","Stabilised",""
"CSAVM110202408","-","-","","2024-08-01","","","AVM110","Monthly rent","14162.08","14162.08","B2X","Stabilised",""
"CSAVM110202409","-","-","","2024-09-01","","","AVM110","Monthly rent","24762.82","24762.82","B2X","Stabilised",""
"CSAVM110202410","-","-","","2024-10-01","","","AVM110","Monthly rent","26755.23","26755.23","B2X","Stabilised",""
"CSAVM110202411","-","-","","2024-11-01","","","AVM110","Monthly rent","26755.23","26755.23","B2X","Stabilised",""
"CSAVM110202412","-","-","","2024-12-01","","","AVM110","Monthly rent","26470.6","26470.6","B2X","Stabilised",""
"CSBAI033202401","-","-","","2024-01-01","","","BAI033","Monthly rent","28975","28975","B2X","Stabilised",""
"CSBAI033202402","-","-","","2024-02-01","","","BAI033","Monthly rent","28975","28975","B2X","Stabilised",""
"CSBAI033202403","-","-","","2024-03-01","","","BAI033","Monthly rent","28365","28365","B2X","Stabilised",""
"CSBAI033202404","-","-","","2024-04-01","","","BAI033","Monthly rent","28365","28365","B2X","Stabilised",""
"CSBAI033202405","-","-","","2024-05-01","","","BAI033","Monthly rent","27450","27450","B2X","Stabilised",""
"CSBAI033202406","-","-","","2024-06-01","","","BAI033","Monthly rent","27450","27450","B2X","Stabilised",""
"CSBAI033202407","-","-","","2024-07-01","","","BAI033","Monthly rent","22875","22875","B2X","Stabilised",""
"CSBAI033202408","-","-","","2024-08-01","","","BAI033","Monthly rent","15555","15555","B2X","Stabilised",""
"CSBAI033202409","-","-","","2024-09-01","","","BAI033","Monthly rent","27198.38","27198.38","B2X","Stabilised",""
"CSBAI033202410","-","-","","2024-10-01","","","BAI033","Monthly rent","29386.75","29386.75","B2X","Stabilised",""
"CSBAI033202411","-","-","","2024-11-01","","","BAI033","Monthly rent","29386.75","29386.75","B2X","Stabilised",""
"CSBAI033202412","-","-","","2024-12-01","","","BAI033","Monthly rent","29074.12","29074.12","B2X","Stabilised",""
"CSBLM335202401","-","-","","2024-01-01","","","BLM335","Monthly rent","95914.47","95914.47","B2X","Stabilised",""
"CSBLM335202402","-","-","","2024-02-01","","","BLM335","Monthly rent","95914.47","95914.47","B2X","Stabilised",""
"CSBLM335202403","-","-","","2024-03-01","","","BLM335","Monthly rent","93895.22","93895.22","B2X","Stabilised",""
"CSBLM335202404","-","-","","2024-04-01","","","BLM335","Monthly rent","93895.22","93895.22","B2X","Stabilised",""
"CSBLM335202405","-","-","","2024-05-01","","","BLM335","Monthly rent","90866.34","90866.34","B2X","Stabilised",""
"CSBLM335202406","-","-","","2024-06-01","","","BLM335","Monthly rent","90866.34","90866.34","B2X","Stabilised",""
"CSBLM335202407","-","-","","2024-07-01","","","BLM335","Monthly rent","75721.95","75721.95","B2X","Stabilised",""
"CSBLM335202408","-","-","","2024-08-01","","","BLM335","Monthly rent","51490.93","51490.93","B2X","Stabilised",""
"CSBLM335202409","-","-","","2024-09-01","","","BLM335","Monthly rent","90033.4","90033.4","B2X","Stabilised",""
"CSBLM335202410","-","-","","2024-10-01","","","BLM335","Monthly rent","97277.47","97277.47","B2X","Stabilised",""
"CSBLM335202411","-","-","","2024-11-01","","","BLM335","Monthly rent","97277.47","97277.47","B2X","Stabilised",""
"CSBLM335202412","-","-","","2024-12-01","","","BLM335","Monthly rent","96242.6","96242.6","B2X","Stabilised",""
"CSCCD012202401","-","-","","2024-01-01","","","CCD012","Monthly rent","9035.64","9035.64","B2X","Stabilised",""
"CSCCD012202402","-","-","","2024-02-01","","","CCD012","Monthly rent","9035.64","9035.64","B2X","Stabilised",""
"CSCCD012202403","-","-","","2024-03-01","","","CCD012","Monthly rent","8845.42","8845.42","B2X","Stabilised",""
"CSCCD012202404","-","-","","2024-04-01","","","CCD012","Monthly rent","8845.42","8845.42","B2X","Stabilised",""
"CSCCD012202405","-","-","","2024-05-01","","","CCD012","Monthly rent","8560.08","8560.08","B2X","Stabilised",""
"CSCCD012202406","-","-","","2024-06-01","","","CCD012","Monthly rent","9273.42","9273.42","B2X","Stabilised",""
"CSCCD012202407","-","-","","2024-07-01","","","CCD012","Monthly rent","7727.85","7727.85","B2X","Stabilised",""
"CSCCD012202408","-","-","","2024-08-01","","","CCD012","Monthly rent","5254.94","5254.94","B2X","Stabilised",""
"CSCCD012202409","-","-","","2024-09-01","","","CCD012","Monthly rent","9188.41","9188.41","B2X","Stabilised",""
"CSCCD012202410","-","-","","2024-10-01","","","CCD012","Monthly rent","9927.71","9927.71","B2X","Stabilised",""
"CSCCD012202411","-","-","","2024-11-01","","","CCD012","Monthly rent","9927.71","9927.71","B2X","Stabilised",""
"CSCCD012202412","-","-","","2024-12-01","","","CCD012","Monthly rent","9822.1","9822.1","B2X","Stabilised",""
"CSCDC222202401","-","-","","2024-01-01","","","CDC222","Monthly rent","13685.51","13685.51","B2X","Stabilised",""
"CSCDC222202402","-","-","","2024-02-01","","","CDC222","Monthly rent","13685.51","13685.51","B2X","Stabilised",""
"CSCDC222202403","-","-","","2024-03-01","","","CDC222","Monthly rent","13397.39","13397.39","B2X","Stabilised",""
"CSCDC222202404","-","-","","2024-04-01","","","CDC222","Monthly rent","13397.39","13397.39","B2X","Stabilised",""
"CSCDC222202405","-","-","","2024-05-01","","","CDC222","Monthly rent","12965.22","12965.22","B2X","Stabilised",""
"CSCDC222202406","-","-","","2024-06-01","","","CDC222","Monthly rent","12965.22","12965.22","B2X","Stabilised",""
"CSCDC222202407","-","-","","2024-07-01","","","CDC222","Monthly rent","10804.35","10804.35","B2X","Stabilised",""
"CSCDC222202408","-","-","","2024-08-01","","","CDC222","Monthly rent","7346.96","7346.96","B2X","Stabilised",""
"CSCDC222202409","-","-","","2024-09-01","","","CDC222","Monthly rent","12846.37","12846.37","B2X","Stabilised",""
"CSCDC222202410","-","-","","2024-10-01","","","CDC222","Monthly rent","13879.99","13879.99","B2X","Stabilised",""
"CSCDC222202411","-","-","","2024-11-01","","","CDC222","Monthly rent","13879.99","13879.99","B2X","Stabilised",""
"CSCDC222202412","-","-","","2024-12-01","","","CDC222","Monthly rent","13732.33","13732.33","B2X","Stabilised",""
"CSCDC538202401","-","-","","2024-01-01","","","CDC538","Monthly rent","0","0","B2X","Stabilised",""
"CSCDC538202402","-","-","","2024-02-01","","","CDC538","Monthly rent","0","0","B2X","Stabilised",""
"CSCDC538202403","-","-","","2024-03-01","","","CDC538","Monthly rent","0","0","B2X","Stabilised",""
"CSCDC538202404","-","-","","2024-04-01","","","CDC538","Monthly rent","0","0","B2X","Stabilised",""
"CSCDC538202405","-","-","","2024-05-01","","","CDC538","Monthly rent","0","0","B2X","Stabilised",""
"CSCDC538202406","-","-","","2024-06-01","","","CDC538","Monthly rent","0","0","B2X","Stabilised",""
"CSCDC538202407","-","-","","2024-07-01","","","CDC538","Monthly rent","0","0","B2X","Stabilised",""
"CSCDC538202408","-","-","","2024-08-01","","","CDC538","Monthly rent","0","0","B2X","Stabilised",""
"CSCDC538202409","-","-","","2024-09-01","","","CDC538","Monthly rent","22904.58","22904.58","B2X","Stabilised",""
"CSCDC538202410","-","-","","2024-10-01","","","CDC538","Monthly rent","24747.48","24747.48","B2X","Stabilised",""
"CSCDC538202411","-","-","","2024-11-01","","","CDC538","Monthly rent","25434.91","25434.91","B2X","Stabilised",""
"CSCDC538202412","-","-","","2024-12-01","","","CDC538","Monthly rent","25164.33","25164.33","B2X","Stabilised",""
"CSCOR207202401","-","-","","2024-01-01","","","COR207","Monthly rent","27043.76","27043.76","B2X","Stabilised",""
"CSCOR207202402","-","-","","2024-02-01","","","COR207","Monthly rent","27043.76","27043.76","B2X","Stabilised",""
"CSCOR207202403","-","-","","2024-03-01","","","COR207","Monthly rent","26474.42","26474.42","B2X","Stabilised",""
"CSCOR207202404","-","-","","2024-04-01","","","COR207","Monthly rent","26474.42","26474.42","B2X","Stabilised",""
"CSCOR207202405","-","-","","2024-05-01","","","COR207","Monthly rent","25620.41","25620.41","B2X","Stabilised",""
"CSCOR207202406","-","-","","2024-06-01","","","COR207","Monthly rent","25620.41","25620.41","B2X","Stabilised",""
"CSCOR207202407","-","-","","2024-07-01","","","COR207","Monthly rent","21350.34","21350.34","B2X","Stabilised",""
"CSCOR207202408","-","-","","2024-08-01","","","COR207","Monthly rent","14518.23","14518.23","B2X","Stabilised",""
"CSCOR207202409","-","-","","2024-09-01","","","COR207","Monthly rent","25385.55","25385.55","B2X","Stabilised",""
"CSCOR207202410","-","-","","2024-10-01","","","COR207","Monthly rent","27428.07","27428.07","B2X","Stabilised",""
"CSCOR207202411","-","-","","2024-11-01","","","COR207","Monthly rent","27428.07","27428.07","B2X","Stabilised",""
"CSCOR207202412","-","-","","2024-12-01","","","COR207","Monthly rent","27136.28","27136.28","B2X","Stabilised",""
"CSCSG396202401","-","-","","2024-01-01","","","CSG396","Monthly rent","5536.79","5536.79","B2X","Stabilised",""
"CSCSG396202402","-","-","","2024-02-01","","","CSG396","Monthly rent","5536.79","5536.79","B2X","Stabilised",""
"CSCSG396202403","-","-","","2024-03-01","","","CSG396","Monthly rent","5420.23","5420.23","B2X","Stabilised",""
"CSCSG396202404","-","-","","2024-04-01","","","CSG396","Monthly rent","10840.45","10840.45","B2X","Stabilised",""
"CSCSG396202405","-","-","","2024-05-01","","","CSG396","Monthly rent","10490.76","10490.76","B2X","Stabilised",""
"CSCSG396202406","-","-","","2024-06-01","","","CSG396","Monthly rent","10490.76","10490.76","B2X","Stabilised",""
"CSCSG396202407","-","-","","2024-07-01","","","CSG396","Monthly rent","8742.3","8742.3","B2X","Stabilised",""
"CSCSG396202408","-","-","","2024-08-01","","","CSG396","Monthly rent","5944.76","5944.76","B2X","Stabilised",""
"CSCSG396202409","-","-","","2024-09-01","","","CSG396","Monthly rent","15591.89","15591.89","B2X","Stabilised",""
"CSCSG396202410","-","-","","2024-10-01","","","CSG396","Monthly rent","16846.41","16846.41","B2X","Stabilised",""
"CSCSG396202411","-","-","","2024-11-01","","","CSG396","Monthly rent","16846.41","16846.41","B2X","Stabilised",""
"CSCSG396202412","-","-","","2024-12-01","","","CSG396","Monthly rent","16667.19","16667.19","B2X","Stabilised",""
"CSDCT075202401","-","-","","2024-01-01","","","DCT075","Monthly rent","0","0","B2X","Stabilised",""
"CSDCT075202402","-","-","","2024-02-01","","","DCT075","Monthly rent","0","0","B2X","Stabilised",""
"CSDCT075202403","-","-","","2024-03-01","","","DCT075","Monthly rent","0","0","B2X","Stabilised",""
"CSDCT075202404","-","-","","2024-04-01","","","DCT075","Monthly rent","0","0","B2X","Stabilised",""
"CSDCT075202405","-","-","","2024-05-01","","","DCT075","Monthly rent","0","0","B2X","Stabilised",""
"CSDCT075202406","-","-","","2024-06-01","","","DCT075","Monthly rent","0","0","B2X","Stabilised",""
"CSDCT075202407","-","-","","2024-07-01","","","DCT075","Monthly rent","0","0","B2X","Stabilised",""
"CSDCT075202408","-","-","","2024-08-01","","","DCT075","Monthly rent","0","0","B2X","Stabilised",""
"CSDCT075202409","-","-","","2024-09-01","","","DCT075","Monthly rent","57362.58","57362.58","B2X","Stabilised",""
"CSDCT075202410","-","-","","2024-10-01","","","DCT075","Monthly rent","61977.96","61977.96","B2X","Stabilised",""
"CSDCT075202411","-","-","","2024-11-01","","","DCT075","Monthly rent","61977.96","61977.96","B2X","Stabilised",""
"CSDCT075202412","-","-","","2024-12-01","","","DCT075","Monthly rent","61318.62","61318.62","B2X","Stabilised",""
"CSENC160202401","-","-","","2024-01-01","","","ENC160","Monthly rent","6137.19","6137.19","B2X","Stabilised",""
"CSENC160202402","-","-","","2024-02-01","","","ENC160","Monthly rent","6137.19","6137.19","B2X","Stabilised",""
"CSENC160202403","-","-","","2024-03-01","","","ENC160","Monthly rent","6007.99","6007.99","B2X","Stabilised",""
"CSENC160202404","-","-","","2024-04-01","","","ENC160","Monthly rent","6007.99","6007.99","B2X","Stabilised",""
"CSENC160202405","-","-","","2024-05-01","","","ENC160","Monthly rent","5814.18","5814.18","B2X","Stabilised",""
"CSENC160202406","-","-","","2024-06-01","","","ENC160","Monthly rent","5814.18","5814.18","B2X","Stabilised",""
"CSENC160202407","-","-","","2024-07-01","","","ENC160","Monthly rent","4845.15","4845.15","B2X","Stabilised",""
"CSENC160202408","-","-","","2024-08-01","","","ENC160","Monthly rent","3294.7","3294.7","B2X","Stabilised",""
"CSENC160202409","-","-","","2024-09-01","","","ENC160","Monthly rent","5760.88","5760.88","B2X","Stabilised",""
"CSENC160202410","-","-","","2024-10-01","","","ENC160","Monthly rent","6224.4","6224.4","B2X","Stabilised",""
"CSENC160202411","-","-","","2024-11-01","","","ENC160","Monthly rent","6224.4","6224.4","B2X","Stabilised",""
"CSENC160202412","-","-","","2024-12-01","","","ENC160","Monthly rent","6158.19","6158.19","B2X","Stabilised",""
"CSENT069202401","-","-","","2024-01-01","","","ENT069","Monthly rent","40996","40996","B2X","Stabilised",""
"CSENT069202402","-","-","","2024-02-01","","","ENT069","Monthly rent","40996","40996","B2X","Stabilised",""
"CSENT069202403","-","-","","2024-03-01","","","ENT069","Monthly rent","40996","40996","B2X","Stabilised",""
"CSENT069202404","-","-","","2024-04-01","","","ENT069","Monthly rent","40996","40996","B2X","Stabilised",""
"CSENT069202405","-","-","","2024-05-01","","","ENT069","Monthly rent","40996","40996","B2X","Stabilised",""
"CSENT069202406","-","-","","2024-06-01","","","ENT069","Monthly rent","40996","40996","B2X","Stabilised",""
"CSENT069202407","-","-","","2024-07-01","","","ENT069","Monthly rent","40996","40996","B2X","Stabilised",""
"CSENT069202408","-","-","","2024-08-01","","","ENT069","Monthly rent","0","0","B2X","Stabilised",""
"CSENT069202409","-","-","","2024-09-01","","","ENT069","Monthly rent","46563.7","46563.7","B2X","Stabilised",""
"CSENT069202410","-","-","","2024-10-01","","","ENT069","Monthly rent","46563.7","46563.7","B2X","Stabilised",""
"CSENT069202411","-","-","","2024-11-01","","","ENT069","Monthly rent","46563.7","46563.7","B2X","Stabilised",""
"CSENT069202412","-","-","","2024-12-01","","","ENT069","Monthly rent","46563.7","46563.7","B2X","Stabilised",""
"CSPFC002202401","-","-","","2024-01-01","","","PFC002","Monthly rent","39417.4","39417.4","B2X","Stabilised",""
"CSPFC002202402","-","-","","2024-02-01","","","PFC002","Monthly rent","39417.4","39417.4","B2X","Stabilised",""
"CSPFC002202403","-","-","","2024-03-01","","","PFC002","Monthly rent","38587.56","38587.56","B2X","Stabilised",""
"CSPFC002202404","-","-","","2024-04-01","","","PFC002","Monthly rent","38587.56","38587.56","B2X","Stabilised",""
"CSPFC002202405","-","-","","2024-05-01","","","PFC002","Monthly rent","37342.8","37342.8","B2X","Stabilised",""
"CSPFC002202406","-","-","","2024-06-01","","","PFC002","Monthly rent","37342.8","37342.8","B2X","Stabilised",""
"CSPFC002202407","-","-","","2024-07-01","","","PFC002","Monthly rent","31119","31119","B2X","Stabilised",""
"CSPFC002202408","-","-","","2024-08-01","","","PFC002","Monthly rent","21160.92","21160.92","B2X","Stabilised",""
"CSPFC002202409","-","-","","2024-09-01","","","PFC002","Monthly rent","37000.49","37000.49","B2X","Stabilised",""
"CSPFC002202410","-","-","","2024-10-01","","","PFC002","Monthly rent","39977.54","39977.54","B2X","Stabilised",""
"CSPFC002202411","-","-","","2024-11-01","","","PFC002","Monthly rent","39977.54","39977.54","B2X","Stabilised",""
"CSPFC002202412","-","-","","2024-12-01","","","PFC002","Monthly rent","39552.25","39552.25","B2X","Stabilised",""
"CSGCO024202401","-","-","","2024-01-01","","","GCO024","Monthly rent","0","0","B2X","Stabilised",""
"CSGCO024202402","-","-","","2024-02-01","","","GCO024","Monthly rent","0","0","B2X","Stabilised",""
"CSGCO024202403","-","-","","2024-03-01","","","GCO024","Monthly rent","0","0","B2X","Stabilised",""
"CSGCO024202404","-","-","","2024-04-01","","","GCO024","Monthly rent","17894.69","17894.69","B2X","Stabilised",""
"CSGCO024202405","-","-","","2024-05-01","","","GCO024","Monthly rent","53189.28","53189.28","B2X","Stabilised",""
"CSGCO024202406","-","-","","2024-06-01","","","GCO024","Monthly rent","53189.28","53189.28","B2X","Stabilised",""
"CSGCO024202407","-","-","","2024-07-01","","","GCO024","Monthly rent","44324.4","44324.4","B2X","Stabilised",""
"CSGCO024202408","-","-","","2024-08-01","","","GCO024","Monthly rent","30140.59","30140.59","B2X","Stabilised",""
"CSGCO024202409","-","-","","2024-09-01","","","GCO024","Monthly rent","52444.63","52444.63","B2X","Stabilised",""
"CSGCO024202410","-","-","","2024-10-01","","","GCO024","Monthly rent","56664.31","56664.31","B2X","Stabilised",""
"CSGCO024202411","-","-","","2024-11-01","","","GCO024","Monthly rent","56664.31","56664.31","B2X","Stabilised",""
"CSGCO024202412","-","-","","2024-12-01","","","GCO024","Monthly rent","56061.5","56061.5","B2X","Stabilised",""
"CSGTF000202401","-","-","","2024-01-01","","","GTF000","Monthly rent","41838","41838","B2X","Stabilised",""
"CSGTF000202402","-","-","","2024-02-01","","","GTF000","Monthly rent","41838","41838","B2X","Stabilised",""
"CSGTF000202403","-","-","","2024-03-01","","","GTF000","Monthly rent","40957.2","40957.2","B2X","Stabilised",""
"CSGTF000202404","-","-","","2024-04-01","","","GTF000","Monthly rent","46964.26","46964.26","B2X","Stabilised",""
"CSGTF000202405","-","-","","2024-05-01","","","GTF000","Monthly rent","45449.28","45449.28","B2X","Stabilised",""
"CSGTF000202406","-","-","","2024-06-01","","","GTF000","Monthly rent","45449.28","45449.28","B2X","Stabilised",""
"CSGTF000202407","-","-","","2024-07-01","","","GTF000","Monthly rent","37874.4","37874.4","B2X","Stabilised",""
"CSGTF000202408","-","-","","2024-08-01","","","GTF000","Monthly rent","25754.59","25754.59","B2X","Stabilised",""
"CSGTF000202409","-","-","","2024-09-01","","","GTF000","Monthly rent","45032.66","45032.66","B2X","Stabilised",""
"CSGTF000202410","-","-","","2024-10-01","","","GTF000","Monthly rent","48655.98","48655.98","B2X","Stabilised",""
"CSGTF000202411","-","-","","2024-11-01","","","GTF000","Monthly rent","48655.98","48655.98","B2X","Stabilised",""
"CSGTF000202412","-","-","","2024-12-01","","","GTF000","Monthly rent","48138.36","48138.36","B2X","Stabilised",""
"CSMUN448202401","-","-","","2024-01-01","","","MUN448","Monthly rent","28680.12","28680.12","B2X","Stabilised",""
"CSMUN448202402","-","-","","2024-02-01","","","MUN448","Monthly rent","33460.14","33460.14","B2X","Stabilised",""
"CSMUN448202403","-","-","","2024-03-01","","","MUN448","Monthly rent","32755.72","32755.72","B2X","Stabilised",""
"CSMUN448202404","-","-","","2024-04-01","","","MUN448","Monthly rent","46793.88","46793.88","B2X","Stabilised",""
"CSMUN448202405","-","-","","2024-05-01","","","MUN448","Monthly rent","45284.4","45284.4","B2X","Stabilised",""
"CSMUN448202406","-","-","","2024-06-01","","","MUN448","Monthly rent","45284.4","45284.4","B2X","Stabilised",""
"CSMUN448202407","-","-","","2024-07-01","","","MUN448","Monthly rent","43397.55","43397.55","B2X","Stabilised",""
"CSMUN448202408","-","-","","2024-08-01","","","MUN448","Monthly rent","29510.33","29510.33","B2X","Stabilised",""
"CSMUN448202409","-","-","","2024-09-01","","","MUN448","Monthly rent","56834.44","56834.44","B2X","Stabilised",""
"CSMUN448202410","-","-","","2024-10-01","","","MUN448","Monthly rent","61407.32","61407.32","B2X","Stabilised",""
"CSMUN448202411","-","-","","2024-11-01","","","MUN448","Monthly rent","61407.32","61407.32","B2X","Stabilised",""
"CSMUN448202412","-","-","","2024-12-01","","","MUN448","Monthly rent","60754.05","60754.05","B2X","Stabilised",""
"CSNAP206202401","-","-","","2024-01-01","","","NAP206","Monthly rent","26671.63","26671.63","B2X","Stabilised",""
"CSNAP206202402","-","-","","2024-02-01","","","NAP206","Monthly rent","26671.63","26671.63","B2X","Stabilised",""
"CSNAP206202403","-","-","","2024-03-01","","","NAP206","Monthly rent","26110.12","26110.12","B2X","Stabilised",""
"CSNAP206202404","-","-","","2024-04-01","","","NAP206","Monthly rent","26110.12","26110.12","B2X","Stabilised",""
"CSNAP206202405","-","-","","2024-05-01","","","NAP206","Monthly rent","25267.86","25267.86","B2X","Stabilised",""
"CSNAP206202406","-","-","","2024-06-01","","","NAP206","Monthly rent","25267.86","25267.86","B2X","Stabilised",""
"CSNAP206202407","-","-","","2024-07-01","","","NAP206","Monthly rent","21056.55","21056.55","B2X","Stabilised",""
"CSNAP206202408","-","-","","2024-08-01","","","NAP206","Monthly rent","14318.45","14318.45","B2X","Stabilised",""
"CSNAP206202409","-","-","","2024-09-01","","","NAP206","Monthly rent","25036.24","25036.24","B2X","Stabilised",""
"CSNAP206202410","-","-","","2024-10-01","","","NAP206","Monthly rent","27050.65","27050.65","B2X","Stabilised",""
"CSNAP206202411","-","-","","2024-11-01","","","NAP206","Monthly rent","27050.65","27050.65","B2X","Stabilised",""
"CSNAP206202412","-","-","","2024-12-01","","","NAP206","Monthly rent","26762.88","26762.88","B2X","Stabilised",""
"CSNAU014202401","-","-","","2024-01-01","","","NAU014","Monthly rent","0","0","B2X","Stabilised",""
"CSNAU014202402","-","-","","2024-02-01","","","NAU014","Monthly rent","0","0","B2X","Stabilised",""
"CSNAU014202403","-","-","","2024-03-01","","","NAU014","Monthly rent","10740.38","10740.38","B2X","Stabilised",""
"CSNAU014202404","-","-","","2024-04-01","","","NAU014","Monthly rent","10740.38","10740.38","B2X","Stabilised",""
"CSNAU014202405","-","-","","2024-05-01","","","NAU014","Monthly rent","10393.92","10393.92","B2X","Stabilised",""
"CSNAU014202406","-","-","","2024-06-01","","","NAU014","Monthly rent","10393.92","10393.92","B2X","Stabilised",""
"CSNAU014202407","-","-","","2024-07-01","","","NAU014","Monthly rent","8661.6","8661.6","B2X","Stabilised",""
"CSNAU014202408","-","-","","2024-08-01","","","NAU014","Monthly rent","5889.89","5889.89","B2X","Stabilised",""
"CSNAU014202409","-","-","","2024-09-01","","","NAU014","Monthly rent","10298.64","10298.64","B2X","Stabilised",""
"CSNAU014202410","-","-","","2024-10-01","","","NAU014","Monthly rent","11127.27","11127.27","B2X","Stabilised",""
"CSNAU014202411","-","-","","2024-11-01","","","NAU014","Monthly rent","11127.27","11127.27","B2X","Stabilised",""
"CSNAU014202412","-","-","","2024-12-01","","","NAU014","Monthly rent","11008.89","11008.89","B2X","Stabilised",""
"CSRAL006202401","-","-","","2024-01-01","","","RAL006","Monthly rent","15428","15428","B2X","Stabilised",""
"CSRAL006202402","-","-","","2024-02-01","","","RAL006","Monthly rent","15428","15428","B2X","Stabilised",""
"CSRAL006202403","-","-","","2024-03-01","","","RAL006","Monthly rent","15103.2","15103.2","B2X","Stabilised",""
"CSRAL006202404","-","-","","2024-04-01","","","RAL006","Monthly rent","15103.2","15103.2","B2X","Stabilised",""
"CSRAL006202405","-","-","","2024-05-01","","","RAL006","Monthly rent","14616","14616","B2X","Stabilised",""
"CSRAL006202406","-","-","","2024-06-01","","","RAL006","Monthly rent","14616","14616","B2X","Stabilised",""
"CSRAL006202407","-","-","","2024-07-01","","","RAL006","Monthly rent","12180","12180","B2X","Stabilised",""
"CSRAL006202408","-","-","","2024-08-01","","","RAL006","Monthly rent","8282.4","8282.4","B2X","Stabilised",""
"CSRAL006202409","-","-","","2024-09-01","","","RAL006","Monthly rent","14482.02","14482.02","B2X","Stabilised",""
"CSRAL006202410","-","-","","2024-10-01","","","RAL006","Monthly rent","15647.24","15647.24","B2X","Stabilised",""
"CSRAL006202411","-","-","","2024-11-01","","","RAL006","Monthly rent","15647.24","15647.24","B2X","Stabilised",""
"CSRAL006202412","-","-","","2024-12-01","","","RAL006","Monthly rent","15480.78","15480.78","B2X","Stabilised",""
"CSROB67B202401","-","-","","2024-01-01","","","ROB67B","Monthly rent","34770","34770","B2X","Stabilised",""
"CSROB67B202402","-","-","","2024-02-01","","","ROB67B","Monthly rent","34770","34770","B2X","Stabilised",""
"CSROB67B202403","-","-","","2024-03-01","","","ROB67B","Monthly rent","34038","34038","B2X","Stabilised",""
"CSROB67B202404","-","-","","2024-04-01","","","ROB67B","Monthly rent","34038","34038","B2X","Stabilised",""
"CSROB67B202405","-","-","","2024-05-01","","","ROB67B","Monthly rent","32940","32940","B2X","Stabilised",""
"CSROB67B202406","-","-","","2024-06-01","","","ROB67B","Monthly rent","32940","32940","B2X","Stabilised",""
"CSROB67B202407","-","-","","2024-07-01","","","ROB67B","Monthly rent","27450","27450","B2X","Stabilised",""
"CSROB67B202408","-","-","","2024-08-01","","","ROB67B","Monthly rent","18666","18666","B2X","Stabilised",""
"CSROB67B202409","-","-","","2024-09-01","","","ROB67B","Monthly rent","32638.05","32638.05","B2X","Stabilised",""
"CSROB67B202410","-","-","","2024-10-01","","","ROB67B","Monthly rent","35264.1","35264.1","B2X","Stabilised",""
"CSROB67B202411","-","-","","2024-11-01","","","ROB67B","Monthly rent","35264.1","35264.1","B2X","Stabilised",""
"CSROB67B202412","-","-","","2024-12-01","","","ROB67B","Monthly rent","34888.95","34888.95","B2X","Stabilised",""
"CSRCF219202401","-","-","","2024-01-01","","","RCF219","Monthly rent","33612.0","33612.0","B2X","Stabilised",""
"CSRCF219202402","-","-","","2024-02-01","","","RCF219","Monthly rent","33612.0","33612.0","B2X","Stabilised",""
"CSRCF219202403","-","-","","2024-03-01","","","RCF219","Monthly rent","32904.38","32904.38","B2X","Stabilised",""
"CSRCF219202404","-","-","","2024-04-01","","","RCF219","Monthly rent","32904.38","32904.38","B2X","Stabilised",""
"CSRCF219202405","-","-","","2024-05-01","","","RCF219","Monthly rent","35545.61","35545.61","B2X","Stabilised",""
"CSRCF219202406","-","-","","2024-06-01","","","RCF219","Monthly rent","35545.61","35545.61","B2X","Stabilised",""
"CSRCF219202407","-","-","","2024-07-01","","","RCF219","Monthly rent","29621.34","29621.34","B2X","Stabilised",""
"CSRCF219202408","-","-","","2024-08-01","","","RCF219","Monthly rent","20142.51","20142.51","B2X","Stabilised",""
"CSRCF219202409","-","-","","2024-09-01","","","RCF219","Monthly rent","35219.78","35219.78","B2X","Stabilised",""
"CSRCF219202410","-","-","","2024-10-01","","","RCF219","Monthly rent","38053.55","38053.55","B2X","Stabilised",""
"CSRCF219202411","-","-","","2024-11-01","","","RCF219","Monthly rent","38053.55","38053.55","B2X","Stabilised",""
"CSRCF219202412","-","-","","2024-12-01","","","RCF219","Monthly rent","37648.73","37648.73","B2X","Stabilised",""
"CSRDC044202401","-","-","","2024-01-01","","","RDC044","Monthly rent","61044.8","61044.8","B2X","Stabilised",""
"CSRDC044202402","-","-","","2024-02-01","","","RDC044","Monthly rent","61044.8","61044.8","B2X","Stabilised",""
"CSRDC044202403","-","-","","2024-03-01","","","RDC044","Monthly rent","59759.65","59759.65","B2X","Stabilised",""
"CSRDC044202404","-","-","","2024-04-01","","","RDC044","Monthly rent","59759.65","59759.65","B2X","Stabilised",""
"CSRDC044202405","-","-","","2024-05-01","","","RDC044","Monthly rent","57831.92","57831.92","B2X","Stabilised",""
"CSRDC044202406","-","-","","2024-06-01","","","RDC044","Monthly rent","57831.92","57831.92","B2X","Stabilised",""
"CSRDC044202407","-","-","","2024-07-01","","","RDC044","Monthly rent","48193.26","48193.26","B2X","Stabilised",""
"CSRDC044202408","-","-","","2024-08-01","","","RDC044","Monthly rent","32771.42","32771.42","B2X","Stabilised",""
"CSRDC044202409","-","-","","2024-09-01","","","RDC044","Monthly rent","57301.79","57301.79","B2X","Stabilised",""
"CSRDC044202410","-","-","","2024-10-01","","","RDC044","Monthly rent","61912.28","61912.28","B2X","Stabilised",""
"CSRDC044202411","-","-","","2024-11-01","","","RDC044","Monthly rent","61912.28","61912.28","B2X","Stabilised",""
"CSRDC044202412","-","-","","2024-12-01","","","RDC044","Monthly rent","61253.64","61253.64","B2X","Stabilised",""
"CSSAL046202401","-","-","","2024-01-01","","","SAL046","Monthly rent","35590.8","35590.8","B2X","Stabilised",""
"CSSAL046202402","-","-","","2024-02-01","","","SAL046","Monthly rent","35590.8","35590.8","B2X","Stabilised",""
"CSSAL046202403","-","-","","2024-03-01","","","SAL046","Monthly rent","34841.52","34841.52","B2X","Stabilised",""
"CSSAL046202404","-","-","","2024-04-01","","","SAL046","Monthly rent","34841.52","34841.52","B2X","Stabilised",""
"CSSAL046202405","-","-","","2024-05-01","","","SAL046","Monthly rent","33717.6","33717.6","B2X","Stabilised",""
"CSSAL046202406","-","-","","2024-06-01","","","SAL046","Monthly rent","33717.6","33717.6","B2X","Stabilised",""
"CSSAL046202407","-","-","","2024-07-01","","","SAL046","Monthly rent","28098.0","28098.0","B2X","Stabilised",""
"CSSAL046202408","-","-","","2024-08-01","","","SAL046","Monthly rent","19106.64","19106.64","B2X","Stabilised",""
"CSSAL046202409","-","-","","2024-09-01","","","SAL046","Monthly rent","33408.52","33408.52","B2X","Stabilised",""
"CSSAL046202410","-","-","","2024-10-01","","","SAL046","Monthly rent","36096.56","36096.56","B2X","Stabilised",""
"CSSAL046202411","-","-","","2024-11-01","","","SAL046","Monthly rent","36096.56","36096.56","B2X","Stabilised",""
"CSSAL046202412","-","-","","2024-12-01","","","SAL046","Monthly rent","35712.56","35712.56","B2X","Stabilised",""
"CSSAR326202401","-","-","","2024-01-01","","","SAR326","Monthly rent","14361.84","14361.84","B2X","Stabilised",""
"CSSAR326202402","-","-","","2024-02-01","","","SAR326","Monthly rent","14361.84","14361.84","B2X","Stabilised",""
"CSSAR326202403","-","-","","2024-03-01","","","SAR326","Monthly rent","14059.48","14059.48","B2X","Stabilised",""
"CSSAR326202404","-","-","","2024-04-01","","","SAR326","Monthly rent","14059.48","14059.48","B2X","Stabilised",""
"CSSAR326202405","-","-","","2024-05-01","","","SAR326","Monthly rent","13605.95","13605.95","B2X","Stabilised",""
"CSSAR326202406","-","-","","2024-06-01","","","SAR326","Monthly rent","13605.95","13605.95","B2X","Stabilised",""
"CSSAR326202407","-","-","","2024-07-01","","","SAR326","Monthly rent","11338.29","11338.29","B2X","Stabilised",""
"CSSAR326202408","-","-","","2024-08-01","","","SAR326","Monthly rent","7710.04","7710.04","B2X","Stabilised",""
"CSSAR326202409","-","-","","2024-09-01","","","SAR326","Monthly rent","13481.23","13481.23","B2X","Stabilised",""
"CSSAR326202410","-","-","","2024-10-01","","","SAR326","Monthly rent","14565.93","14565.93","B2X","Stabilised",""
"CSSAR326202411","-","-","","2024-11-01","","","SAR326","Monthly rent","14565.93","14565.93","B2X","Stabilised",""
"CSSAR326202412","-","-","","2024-12-01","","","SAR326","Monthly rent","14410.97","14410.97","B2X","Stabilised",""
"CSTDG043202401","-","-","","2024-01-01","","","TDG043","Monthly rent","47428.27","47428.27","B2X","Stabilised",""
"CSTDG043202402","-","-","","2024-02-01","","","TDG043","Monthly rent","47428.27","47428.27","B2X","Stabilised",""
"CSTDG043202403","-","-","","2024-03-01","","","TDG043","Monthly rent","46429.78","46429.78","B2X","Stabilised",""
"CSTDG043202404","-","-","","2024-04-01","","","TDG043","Monthly rent","46429.78","46429.78","B2X","Stabilised",""
"CSTDG043202405","-","-","","2024-05-01","","","TDG043","Monthly rent","44932.05","44932.05","B2X","Stabilised",""
"CSTDG043202406","-","-","","2024-06-01","","","TDG043","Monthly rent","44932.05","44932.05","B2X","Stabilised",""
"CSTDG043202407","-","-","","2024-07-01","","","TDG043","Monthly rent","37443.38","37443.38","B2X","Stabilised",""
"CSTDG043202408","-","-","","2024-08-01","","","TDG043","Monthly rent","25461.49","25461.49","B2X","Stabilised",""
"CSTDG043202409","-","-","","2024-09-01","","","TDG043","Monthly rent","44520.17","44520.17","B2X","Stabilised",""
"CSTDG043202410","-","-","","2024-10-01","","","TDG043","Monthly rent","48102.26","48102.26","B2X","Stabilised",""
"CSTDG043202411","-","-","","2024-11-01","","","TDG043","Monthly rent","48102.26","48102.26","B2X","Stabilised",""
"CSTDG043202412","-","-","","2024-12-01","","","TDG043","Monthly rent","47590.53","47590.53","B2X","Stabilised",""
