"id","data_type","resource","date","beds","available","occupied","sold","occupied_t","sold_t"
"FOC1","Forecast","AMG026","2024-01-01","0","0","0","0","0","0"
"SOC1","Stabilised","AMG026","2024-01-01","0","0","0","0","0","0"
"UOC1","UW","AMG026","2024-01-01","0","0","0.0","0.0","0","0"
"FOC2","Forecast","AMG026","2024-02-01","0","0","0","0","0","0"
"SOC2","Stabilised","AMG026","2024-02-01","0","0","0","0","0","0"
"UOC2","UW","AMG026","2024-02-01","0","0","0.0","0.0","0","0"
"FOC3","Forecast","AMG026","2024-03-01","0","0","0","0","0","0"
"SOC3","Stabilised","AMG026","2024-03-01","0","0","0","0","0","0"
"UOC3","UW","AMG026","2024-03-01","0","0","0.0","0.0","0","0"
"FOC4","Forecast","AMG026","2024-04-01","0","0","0","0","0","0"
"SOC4","Stabilised","AMG026","2024-04-01","0","0","0","0","0","0"
"UOC4","UW","AMG026","2024-04-01","0","0","0.0","0.0","0","0"
"FOC5","Forecast","AMG026","2024-05-01","0","0","0","0","0","0"
"SOC5","Stabilised","AMG026","2024-05-01","0","0","0","0","0","0"
"UOC5","UW","AMG026","2024-05-01","0","0","0.0","0.0","0","0"
"FOC6","Forecast","AMG026","2024-06-01","0","0","0","0","0","0"
"SOC6","Stabilised","AMG026","2024-06-01","0","0","0","0","0","0"
"UOC6","UW","AMG026","2024-06-01","0","0","0.0","0.0","0","0"
"FOC7","Forecast","AMG026","2024-07-01","0","0","0","0","0","0"
"SOC7","Stabilised","AMG026","2024-07-01","0","0","0","0","0","0"
"UOC7","UW","AMG026","2024-07-01","0","0","0.0","0.0","0","0"
"FOC8","Forecast","AMG026","2024-08-01","0","0","0","0","0","0"
"SOC8","Stabilised","AMG026","2024-08-01","0","0","0","0","0","0"
"UOC8","UW","AMG026","2024-08-01","7","217","74.40000000000002","74.40000000000002","0","0"
"FOC9","Forecast","AMG026","2024-09-01","0","0","0","0","0","0"
"SOC9","Stabilised","AMG026","2024-09-01","0","0","0","0","0","0"
"UOC9","UW","AMG026","2024-09-01","20","600","390.8571428571429","390.8571428571429","0","0"
"FOC10","Forecast","AMG026","2024-10-01","23","713","0","0","0","0"
"SOC10","Stabilised","AMG026","2024-10-01","23","713","0","0","0","0"
"UOC10","UW","AMG026","2024-10-01","27","837","681.5571428571429","681.5571428571429","0","0"
"FOC11","Forecast","AMG026","2024-11-01","23","690","0","0","0","0"
"SOC11","Stabilised","AMG026","2024-11-01","23","690","0","0","0","0"
"UOC11","UW","AMG026","2024-11-01","27","810","659.5714285714287","659.5714285714287","0","0"
"FOC12","Forecast","AMG026","2024-12-01","23","713","0","0","0","0"
"SOC12","Stabilised","AMG026","2024-12-01","23","713","0","0","0","0"
"UOC12","UW","AMG026","2024-12-01","27","837","681.5571428571429","681.5571428571429","0","0"
"FOC13","Forecast","AVM110","2024-01-01","31","961","912.9499999999999","912.9499999999999","0","0"
"SOC13","Stabilised","AVM110","2024-01-01","31","961","912.9499999999999","912.9499999999999","0","0"
"UOC13","UW","AVM110","2024-01-01","37","1147","1003.625","1003.625","0","0"
"FOC14","Forecast","AVM110","2024-02-01","31","899","854.05","854.05","0","0"
"SOC14","Stabilised","AVM110","2024-02-01","31","899","854.05","854.05","0","0"
"UOC14","UW","AVM110","2024-02-01","37","1073","938.875","938.875","0","0"
"FOC15","Forecast","AVM110","2024-03-01","31","961","912.9499999999999","912.9499999999999","0","0"
"SOC15","Stabilised","AVM110","2024-03-01","31","961","893.73","893.73","0","0"
"UOC15","UW","AVM110","2024-03-01","37","1147","1003.625","1003.625","0","0"
"FOC16","Forecast","AVM110","2024-04-01","31","930","883.5","883.5","0","0"
"SOC16","Stabilised","AVM110","2024-04-01","31","930","864.9000000000001","864.9000000000001","0","0"
"UOC16","UW","AVM110","2024-04-01","37","1110","971.25","971.25","0","0"
"FOC17","Forecast","AVM110","2024-05-01","31","961","884.12","884.12","0","0"
"SOC17","Stabilised","AVM110","2024-05-01","31","961","864.9","864.9","0","0"
"UOC17","UW","AVM110","2024-05-01","37","1147","1003.625","1003.625","0","0"
"FOC18","Forecast","AVM110","2024-06-01","31","930","855.6","855.6","0","0"
"SOC18","Stabilised","AVM110","2024-06-01","31","930","837.0","837.0","0","0"
"UOC18","UW","AVM110","2024-06-01","37","1110","971.25","971.25","0","0"
"FOC19","Forecast","AVM110","2024-07-01","31","961","720.75","720.75","0","0"
"SOC19","Stabilised","AVM110","2024-07-01","31","961","720.75","720.75","0","0"
"UOC19","UW","AVM110","2024-07-01","37","1147","1003.625","1003.625","0","0"
"FOC20","Forecast","AVM110","2024-08-01","31","961","384.40000000000003","384.40000000000003","0","0"
"SOC20","Stabilised","AVM110","2024-08-01","31","961","490.11","490.11","0","0"
"UOC20","UW","AVM110","2024-08-01","37","1147","1003.625","1003.625","0","0"
"FOC21","Forecast","AVM110","2024-09-01","31","930","837.0000000000001","837.0000000000001","0","0"
"SOC21","Stabilised","AVM110","2024-09-01","31","930","809.1","809.1","0","0"
"UOC21","UW","AVM110","2024-09-01","37","1110","971.25","971.25","0","0"
"FOC22","Forecast","AVM110","2024-10-01","31","961","922.56","922.56","0","0"
"SOC22","Stabilised","AVM110","2024-10-01","31","961","903.3399999999999","903.3399999999999","0","0"
"UOC22","UW","AVM110","2024-10-01","37","1147","1003.625","1003.625","0","0"
"FOC23","Forecast","AVM110","2024-11-01","31","930","892.8","892.8","0","0"
"SOC23","Stabilised","AVM110","2024-11-01","31","930","874.1999999999999","874.1999999999999","0","0"
"UOC23","UW","AVM110","2024-11-01","37","1110","971.25","971.25","0","0"
"FOC24","Forecast","AVM110","2024-12-01","31","961","912.9499999999999","912.9499999999999","0","0"
"SOC24","Stabilised","AVM110","2024-12-01","31","961","893.73","893.73","0","0"
"UOC24","UW","AVM110","2024-12-01","37","1147","1003.625","1003.625","0","0"
"FOC25","Forecast","BAI033","2024-01-01","61","1891","1891","1891","0","0"
"SOC25","Stabilised","BAI033","2024-01-01","61","1891","0","0","0","0"
"UOC25","UW","BAI033","2024-01-01","61","1891","0","0","0","0"
"FOC26","Forecast","BAI033","2024-02-01","61","1769","1769","1769","0","0"
"SOC26","Stabilised","BAI033","2024-02-01","61","1769","0","0","0","0"
"UOC26","UW","BAI033","2024-02-01","61","1769","0","0","0","0"
"FOC27","Forecast","BAI033","2024-03-01","61","1891","1891","1891","0","0"
"SOC27","Stabilised","BAI033","2024-03-01","61","1891","0","0","0","0"
"UOC27","UW","BAI033","2024-03-01","61","1891","0","0","0","0"
"FOC28","Forecast","BAI033","2024-04-01","61","1830","1830","1830","0","0"
"SOC28","Stabilised","BAI033","2024-04-01","61","1830","0","0","0","0"
"UOC28","UW","BAI033","2024-04-01","61","1830","0","0","0","0"
"FOC29","Forecast","BAI033","2024-05-01","61","1891","1891","1891","0","0"
"SOC29","Stabilised","BAI033","2024-05-01","61","1891","0","0","0","0"
"UOC29","UW","BAI033","2024-05-01","61","1891","0","0","0","0"
"FOC30","Forecast","BAI033","2024-06-01","61","1830","1830","1830","0","0"
"SOC30","Stabilised","BAI033","2024-06-01","61","1830","0","0","0","0"
"UOC30","UW","BAI033","2024-06-01","61","1830","0","0","0","0"
"FOC31","Forecast","BAI033","2024-07-01","61","1891","1891","1891","0","0"
"SOC31","Stabilised","BAI033","2024-07-01","61","1891","0","0","0","0"
"UOC31","UW","BAI033","2024-07-01","61","1891","0","0","0","0"
"FOC32","Forecast","BAI033","2024-08-01","61","1891","1891","1891","0","0"
"SOC32","Stabilised","BAI033","2024-08-01","61","1891","0","0","0","0"
"UOC32","UW","BAI033","2024-08-01","61","1891","0","0","0","0"
"FOC33","Forecast","BAI033","2024-09-01","61","1830","1830","1830","0","0"
"SOC33","Stabilised","BAI033","2024-09-01","61","1830","0","0","0","0"
"UOC33","UW","BAI033","2024-09-01","61","1830","0","0","0","0"
"FOC34","Forecast","BAI033","2024-10-01","61","1891","1891","1891","0","0"
"SOC34","Stabilised","BAI033","2024-10-01","61","1891","0","0","0","0"
"UOC34","UW","BAI033","2024-10-01","61","1891","0","0","0","0"
"FOC35","Forecast","BAI033","2024-11-01","61","1830","1830","1830","0","0"
"SOC35","Stabilised","BAI033","2024-11-01","61","1830","0","0","0","0"
"UOC35","UW","BAI033","2024-11-01","61","1830","0","0","0","0"
"FOC36","Forecast","BAI033","2024-12-01","61","1891","1891","1891","0","0"
"SOC36","Stabilised","BAI033","2024-12-01","61","1891","0","0","0","0"
"UOC36","UW","BAI033","2024-12-01","61","1891","0","0","0","0"
"FOC37","Forecast","BLM335","2024-01-01","130","4030","3828.5","3828.5","0","0"
"SOC37","Stabilised","BLM335","2024-01-01","130","4030","3828.5","3828.5","0","0"
"UOC37","UW","BLM335","2024-01-01","122","3782","3309.25","3309.25","0","0"
"FOC38","Forecast","BLM335","2024-02-01","130","3770","3581.5","3581.5","0","0"
"SOC38","Stabilised","BLM335","2024-02-01","130","3770","3581.5","3581.5","0","0"
"UOC38","UW","BLM335","2024-02-01","122","3538","3095.75","3095.75","0","0"
"FOC39","Forecast","BLM335","2024-03-01","130","4030","3828.5","3828.5","0","0"
"SOC39","Stabilised","BLM335","2024-03-01","130","4030","3747.9","3747.9","0","0"
"UOC39","UW","BLM335","2024-03-01","122","3782","3309.25","3309.25","0","0"
"FOC40","Forecast","BLM335","2024-04-01","130","3900","3705.0","3705.0","0","0"
"SOC40","Stabilised","BLM335","2024-04-01","130","3900","3627.0","3627.0","0","0"
"UOC40","UW","BLM335","2024-04-01","122","3660","3202.5","3202.5","0","0"
"FOC41","Forecast","BLM335","2024-05-01","130","4030","3707.6000000000004","3707.6000000000004","0","0"
"SOC41","Stabilised","BLM335","2024-05-01","130","4030","3627.0","3627.0","0","0"
"UOC41","UW","BLM335","2024-05-01","122","3782","3309.25","3309.25","0","0"
"FOC42","Forecast","BLM335","2024-06-01","130","3900","3588.0000000000005","3588.0000000000005","0","0"
"SOC42","Stabilised","BLM335","2024-06-01","130","3900","3510.0","3510.0","0","0"
"UOC42","UW","BLM335","2024-06-01","122","3660","3202.5","3202.5","0","0"
"FOC43","Forecast","BLM335","2024-07-01","130","4030","3022.5","3022.5","0","0"
"SOC43","Stabilised","BLM335","2024-07-01","130","4030","3022.5","3022.5","0","0"
"UOC43","UW","BLM335","2024-07-01","122","3782","3309.25","3309.25","0","0"
"FOC44","Forecast","BLM335","2024-08-01","130","4030","1612","1612","0","0"
"SOC44","Stabilised","BLM335","2024-08-01","130","4030","2055.3","2055.3","0","0"
"UOC44","UW","BLM335","2024-08-01","122","3782","3309.25","3309.25","0","0"
"FOC45","Forecast","BLM335","2024-09-01","130","3900","3510","3510","0","0"
"SOC45","Stabilised","BLM335","2024-09-01","130","3900","3393.0","3393.0","0","0"
"UOC45","UW","BLM335","2024-09-01","122","3660","3202.5","3202.5","0","0"
"FOC46","Forecast","BLM335","2024-10-01","130","4030","3868.7999999999997","3868.7999999999997","0","0"
"SOC46","Stabilised","BLM335","2024-10-01","130","4030","3788.2","3788.2","0","0"
"UOC46","UW","BLM335","2024-10-01","122","3782","3309.25","3309.25","0","0"
"FOC47","Forecast","BLM335","2024-11-01","130","3900","3744.0","3744.0","0","0"
"SOC47","Stabilised","BLM335","2024-11-01","130","3900","3666.0","3666.0","0","0"
"UOC47","UW","BLM335","2024-11-01","122","3660","3202.5","3202.5","0","0"
"FOC48","Forecast","BLM335","2024-12-01","130","4030","3828.5","3828.5","0","0"
"SOC48","Stabilised","BLM335","2024-12-01","130","4030","3747.9","3747.9","0","0"
"UOC48","UW","BLM335","2024-12-01","122","3782","3309.25","3309.25","0","0"
"FOC49","Forecast","CCD012","2024-01-01","14","434","434","434","0","0"
"SOC49","Stabilised","CCD012","2024-01-01","14","434","412.29999999999995","412.29999999999995","0","0"
"UOC49","UW","CCD012","2024-01-01","18","558","488.25","488.25","0","0"
"FOC50","Forecast","CCD012","2024-02-01","14","406","406","406","0","0"
"SOC50","Stabilised","CCD012","2024-02-01","14","406","385.7","385.7","0","0"
"UOC50","UW","CCD012","2024-02-01","18","522","456.75","456.75","0","0"
"FOC51","Forecast","CCD012","2024-03-01","14","434","434","434","0","0"
"SOC51","Stabilised","CCD012","2024-03-01","14","434","403.62","403.62","0","0"
"UOC51","UW","CCD012","2024-03-01","18","558","488.25","488.25","0","0"
"FOC52","Forecast","CCD012","2024-04-01","14","420","420","420","0","0"
"SOC52","Stabilised","CCD012","2024-04-01","14","420","390.6","390.6","0","0"
"UOC52","UW","CCD012","2024-04-01","18","540","472.5","472.5","0","0"
"FOC53","Forecast","CCD012","2024-05-01","14","434","260.40000000000003","260.40000000000003","0","0"
"SOC53","Stabilised","CCD012","2024-05-01","14","434","390.6","390.6","0","0"
"UOC53","UW","CCD012","2024-05-01","18","558","488.25","488.25","0","0"
"FOC54","Forecast","CCD012","2024-06-01","14","420","252.0","252.0","0","0"
"SOC54","Stabilised","CCD012","2024-06-01","14","420","378.0","378.0","0","0"
"UOC54","UW","CCD012","2024-06-01","33","990","866.25","866.25","0","0"
"FOC55","Forecast","CCD012","2024-07-01","14","434","260.40000000000003","260.40000000000003","0","0"
"SOC55","Stabilised","CCD012","2024-07-01","14","434","325.5","325.5","0","0"
"UOC55","UW","CCD012","2024-07-01","33","1023","895.125","895.125","0","0"
"FOC56","Forecast","CCD012","2024-08-01","14","434","130.20000000000002","130.20000000000002","0","0"
"SOC56","Stabilised","CCD012","2024-08-01","14","434","221.34","221.34","0","0"
"UOC56","UW","CCD012","2024-08-01","33","1023","895.125","895.125","0","0"
"FOC57","Forecast","CCD012","2024-09-01","14","420","378.0","378.0","0","0"
"SOC57","Stabilised","CCD012","2024-09-01","14","420","365.4","365.4","0","0"
"UOC57","UW","CCD012","2024-09-01","39","1170","1023.75","1023.75","0","0"
"FOC58","Forecast","CCD012","2024-10-01","14","434","390.59999999999997","390.59999999999997","0","0"
"SOC58","Stabilised","CCD012","2024-10-01","14","434","407.96","407.96","0","0"
"UOC58","UW","CCD012","2024-10-01","39","1209","1057.875","1057.875","0","0"
"FOC59","Forecast","CCD012","2024-11-01","14","420","378.0","378.0","0","0"
"SOC59","Stabilised","CCD012","2024-11-01","14","420","394.79999999999995","394.79999999999995","0","0"
"UOC59","UW","CCD012","2024-11-01","39","1170","1023.75","1023.75","0","0"
"FOC60","Forecast","CCD012","2024-12-01","14","434","390.59999999999997","390.59999999999997","0","0"
"SOC60","Stabilised","CCD012","2024-12-01","14","434","403.62","403.62","0","0"
"UOC60","UW","CCD012","2024-12-01","51","1581","1383.375","1383.375","0","0"
"FOC61","Forecast","CDC222","2024-01-01","17","527","500.65","500.65","0","0"
"SOC61","Stabilised","CDC222","2024-01-01","17","527","0","0","0","0"
"UOC61","UW","CDC222","2024-01-01","17","527","0","0","0","0"
"FOC62","Forecast","CDC222","2024-02-01","17","493","468.34999999999997","468.34999999999997","0","0"
"SOC62","Stabilised","CDC222","2024-02-01","17","493","0","0","0","0"
"UOC62","UW","CDC222","2024-02-01","17","493","0","0","0","0"
"FOC63","Forecast","CDC222","2024-03-01","17","527","500.65","500.65","0","0"
"SOC63","Stabilised","CDC222","2024-03-01","17","527","0","0","0","0"
"UOC63","UW","CDC222","2024-03-01","17","527","0","0","0","0"
"FOC64","Forecast","CDC222","2024-04-01","17","510","484.49999999999994","484.49999999999994","0","0"
"SOC64","Stabilised","CDC222","2024-04-01","17","510","0","0","0","0"
"UOC64","UW","CDC222","2024-04-01","17","510","0","0","0","0"
"FOC65","Forecast","CDC222","2024-05-01","17","527","484.84000000000003","484.84000000000003","0","0"
"SOC65","Stabilised","CDC222","2024-05-01","17","527","0","0","0","0"
"UOC65","UW","CDC222","2024-05-01","17","527","0","0","0","0"
"FOC66","Forecast","CDC222","2024-06-01","17","510","469.20000000000005","469.20000000000005","0","0"
"SOC66","Stabilised","CDC222","2024-06-01","17","510","0","0","0","0"
"UOC66","UW","CDC222","2024-06-01","17","510","0","0","0","0"
"FOC67","Forecast","CDC222","2024-07-01","17","527","395.25","395.25","0","0"
"SOC67","Stabilised","CDC222","2024-07-01","17","527","0","0","0","0"
"UOC67","UW","CDC222","2024-07-01","17","527","0","0","0","0"
"FOC68","Forecast","CDC222","2024-08-01","17","527","210.8","210.8","0","0"
"SOC68","Stabilised","CDC222","2024-08-01","17","527","0","0","0","0"
"UOC68","UW","CDC222","2024-08-01","17","527","0","0","0","0"
"FOC69","Forecast","CDC222","2024-09-01","17","510","459.0","459.0","0","0"
"SOC69","Stabilised","CDC222","2024-09-01","17","510","0","0","0","0"
"UOC69","UW","CDC222","2024-09-01","17","510","0","0","0","0"
"FOC70","Forecast","CDC222","2024-10-01","17","527","505.92","505.92","0","0"
"SOC70","Stabilised","CDC222","2024-10-01","17","527","0","0","0","0"
"UOC70","UW","CDC222","2024-10-01","17","527","0","0","0","0"
"FOC71","Forecast","CDC222","2024-11-01","17","510","489.6","489.6","0","0"
"SOC71","Stabilised","CDC222","2024-11-01","17","510","0","0","0","0"
"UOC71","UW","CDC222","2024-11-01","17","510","0","0","0","0"
"FOC72","Forecast","CDC222","2024-12-01","17","527","500.65","500.65","0","0"
"SOC72","Stabilised","CDC222","2024-12-01","17","527","0","0","0","0"
"UOC72","UW","CDC222","2024-12-01","17","527","0","0","0","0"
"FOC73","Forecast","CDC538","2024-01-01","3","93","0","0","0","0"
"SOC73","Stabilised","CDC538","2024-01-01","3","93","88.35","88.35","0","0"
"UOC73","UW","CDC538","2024-01-01","37","1147","747.1885714285714","747.1885714285714","0","0"
"FOC74","Forecast","CDC538","2024-02-01","3","87","0","0","0","0"
"SOC74","Stabilised","CDC538","2024-02-01","3","87","82.64999999999999","82.64999999999999","0","0"
"UOC74","UW","CDC538","2024-02-01","37","1073","757.2314285714288","757.2314285714288","0","0"
"FOC75","Forecast","CDC538","2024-03-01","3","93","0","0","0","0"
"SOC75","Stabilised","CDC538","2024-03-01","3","93","86.49000000000001","86.49000000000001","0","0"
"UOC75","UW","CDC538","2024-03-01","40","1240","875.0857142857144","875.0857142857144","0","0"
"FOC76","Forecast","CDC538","2024-04-01","3","90","0","0","0","0"
"SOC76","Stabilised","CDC538","2024-04-01","3","90","83.7","83.7","0","0"
"UOC76","UW","CDC538","2024-04-01","40","1200","846.857142857143","846.857142857143","0","0"
"FOC77","Forecast","CDC538","2024-05-01","3","93","0","0","0","0"
"SOC77","Stabilised","CDC538","2024-05-01","3","93","83.7","83.7","0","0"
"UOC77","UW","CDC538","2024-05-01","40","1240","875.0857142857144","875.0857142857144","0","0"
"FOC78","Forecast","CDC538","2024-06-01","3","90","0","0","0","0"
"SOC78","Stabilised","CDC538","2024-06-01","3","90","81.0","81.0","0","0"
"UOC78","UW","CDC538","2024-06-01","40","1200","846.857142857143","846.857142857143","0","0"
"FOC79","Forecast","CDC538","2024-07-01","3","93","0","0","0","0"
"SOC79","Stabilised","CDC538","2024-07-01","3","93","69.75","69.75","0","0"
"UOC79","UW","CDC538","2024-07-01","40","1240","460.5714285714287","460.5714285714287","0","0"
"FOC80","Forecast","CDC538","2024-08-01","3","93","0","0","0","0"
"SOC80","Stabilised","CDC538","2024-08-01","3","93","47.43","47.43","0","0"
"UOC80","UW","CDC538","2024-08-01","40","1240","460.5714285714287","460.5714285714287","0","0"
"FOC81","Forecast","CDC538","2024-09-01","18","540","432.0","432.0","0","0"
"SOC81","Stabilised","CDC538","2024-09-01","18","540","469.8","469.8","0","0"
"UOC81","UW","CDC538","2024-09-01","43","1290","910.3714285714287","910.3714285714287","0","0"
"FOC82","Forecast","CDC538","2024-10-01","18","558","446.40000000000003","446.40000000000003","0","0"
"SOC82","Stabilised","CDC538","2024-10-01","18","558","524.52","524.52","0","0"
"UOC82","UW","CDC538","2024-10-01","46","1426","1006.3485714285716","1006.3485714285716","0","0"
"FOC83","Forecast","CDC538","2024-11-01","36","1080","648.0","648.0","0","0"
"SOC83","Stabilised","CDC538","2024-11-01","36","1080","1015.1999999999999","1015.1999999999999","0","0"
"UOC83","UW","CDC538","2024-11-01","46","1380","973.8857142857145","973.8857142857145","0","0"
"FOC84","Forecast","CDC538","2024-12-01","36","1116","669.6","669.6","0","0"
"SOC84","Stabilised","CDC538","2024-12-01","36","1116","1037.88","1037.88","0","0"
"UOC84","UW","CDC538","2024-12-01","46","1426","1006.3485714285716","1006.3485714285716","0","0"
"FOC85","Forecast","COR052","2024-01-01","5","155","0","0","0","0"
"SOC85","Stabilised","COR052","2024-01-01","5","155","0","0","0","0"
"UOC85","UW","COR052","2024-01-01","5","155","0","0","0","0"
"FOC86","Forecast","COR052","2024-02-01","5","145","0","0","0","0"
"SOC86","Stabilised","COR052","2024-02-01","5","145","0","0","0","0"
"UOC86","UW","COR052","2024-02-01","5","145","0","0","0","0"
"FOC87","Forecast","COR052","2024-03-01","5","155","0","0","0","0"
"SOC87","Stabilised","COR052","2024-03-01","5","155","0","0","0","0"
"UOC87","UW","COR052","2024-03-01","5","155","0","0","0","0"
"FOC88","Forecast","COR052","2024-04-01","5","150","0","0","0","0"
"SOC88","Stabilised","COR052","2024-04-01","5","150","0","0","0","0"
"UOC88","UW","COR052","2024-04-01","5","150","0","0","0","0"
"FOC89","Forecast","COR052","2024-05-01","5","155","0","0","0","0"
"SOC89","Stabilised","COR052","2024-05-01","5","155","0","0","0","0"
"UOC89","UW","COR052","2024-05-01","5","155","0","0","0","0"
"FOC90","Forecast","COR052","2024-06-01","5","150","0","0","0","0"
"SOC90","Stabilised","COR052","2024-06-01","5","150","0","0","0","0"
"UOC90","UW","COR052","2024-06-01","5","150","0","0","0","0"
"FOC91","Forecast","COR052","2024-07-01","5","155","0","0","0","0"
"SOC91","Stabilised","COR052","2024-07-01","5","155","0","0","0","0"
"UOC91","UW","COR052","2024-07-01","5","155","0","0","0","0"
"FOC92","Forecast","COR052","2024-08-01","5","155","0","0","0","0"
"SOC92","Stabilised","COR052","2024-08-01","5","155","0","0","0","0"
"UOC92","UW","COR052","2024-08-01","5","155","0","0","0","0"
"FOC93","Forecast","COR052","2024-09-01","0","0","0","0","0","0"
"SOC93","Stabilised","COR052","2024-09-01","0","0","0","0","0","0"
"UOC93","UW","COR052","2024-09-01","0","0","0","0","0","0"
"FOC94","Forecast","COR052","2024-10-01","0","0","0","0","0","0"
"SOC94","Stabilised","COR052","2024-10-01","0","0","0","0","0","0"
"UOC94","UW","COR052","2024-10-01","0","0","0","0","0","0"
"FOC95","Forecast","COR052","2024-11-01","0","0","0","0","0","0"
"SOC95","Stabilised","COR052","2024-11-01","0","0","0","0","0","0"
"UOC95","UW","COR052","2024-11-01","0","0","0","0","0","0"
"FOC96","Forecast","COR052","2024-12-01","0","0","0","0","0","0"
"SOC96","Stabilised","COR052","2024-12-01","0","0","0","0","0","0"
"UOC96","UW","COR052","2024-12-01","0","0","0","0","0","0"
"FOC97","Forecast","COR207","2024-01-01","48","1488","1413.6","1413.6","0","0"
"SOC97","Stabilised","COR207","2024-01-01","48","1488","0","0","0","0"
"UOC97","UW","COR207","2024-01-01","48","1488","0","0","0","0"
"FOC98","Forecast","COR207","2024-02-01","48","1392","1322.3999999999999","1322.3999999999999","0","0"
"SOC98","Stabilised","COR207","2024-02-01","48","1392","0","0","0","0"
"UOC98","UW","COR207","2024-02-01","48","1392","0","0","0","0"
"FOC99","Forecast","COR207","2024-03-01","48","1488","1413.6","1413.6","0","0"
"SOC99","Stabilised","COR207","2024-03-01","48","1488","0","0","0","0"
"UOC99","UW","COR207","2024-03-01","48","1488","0","0","0","0"
"FOC100","Forecast","COR207","2024-04-01","48","1440","1367.9999999999998","1367.9999999999998","0","0"
"SOC100","Stabilised","COR207","2024-04-01","48","1440","0","0","0","0"
"UOC100","UW","COR207","2024-04-01","48","1440","0","0","0","0"
"FOC101","Forecast","COR207","2024-05-01","48","1488","1368.96","1368.96","0","0"
"SOC101","Stabilised","COR207","2024-05-01","48","1488","0","0","0","0"
"UOC101","UW","COR207","2024-05-01","48","1488","0","0","0","0"
"FOC102","Forecast","COR207","2024-06-01","48","1440","1324.8000000000002","1324.8000000000002","0","0"
"SOC102","Stabilised","COR207","2024-06-01","48","1440","0","0","0","0"
"UOC102","UW","COR207","2024-06-01","48","1440","0","0","0","0"
"FOC103","Forecast","COR207","2024-07-01","48","1488","1116","1116","0","0"
"SOC103","Stabilised","COR207","2024-07-01","48","1488","0","0","0","0"
"UOC103","UW","COR207","2024-07-01","48","1488","0","0","0","0"
"FOC104","Forecast","COR207","2024-08-01","48","1488","595.2","595.2","0","0"
"SOC104","Stabilised","COR207","2024-08-01","48","1488","0","0","0","0"
"UOC104","UW","COR207","2024-08-01","48","1488","0","0","0","0"
"FOC105","Forecast","COR207","2024-09-01","48","1440","1296.0","1296.0","0","0"
"SOC105","Stabilised","COR207","2024-09-01","48","1440","0","0","0","0"
"UOC105","UW","COR207","2024-09-01","48","1440","0","0","0","0"
"FOC106","Forecast","COR207","2024-10-01","48","1488","1428.48","1428.48","0","0"
"SOC106","Stabilised","COR207","2024-10-01","48","1488","0","0","0","0"
"UOC106","UW","COR207","2024-10-01","48","1488","0","0","0","0"
"FOC107","Forecast","COR207","2024-11-01","48","1440","1382.3999999999999","1382.3999999999999","0","0"
"SOC107","Stabilised","COR207","2024-11-01","48","1440","0","0","0","0"
"UOC107","UW","COR207","2024-11-01","48","1440","0","0","0","0"
"FOC108","Forecast","COR207","2024-12-01","48","1488","1413.6","1413.6","0","0"
"SOC108","Stabilised","COR207","2024-12-01","48","1488","0","0","0","0"
"UOC108","UW","COR207","2024-12-01","48","1488","0","0","0","0"
"FOC109","Forecast","CSG396","2024-01-01","7","217","173.60000000000002","173.60000000000002","0","0"
"SOC109","Stabilised","CSG396","2024-01-01","7","217","206.14999999999998","206.14999999999998","0","0"
"UOC109","UW","CSG396","2024-01-01","14","434","235.60000000000002","235.60000000000002","0","0"
"FOC110","Forecast","CSG396","2024-02-01","7","203","162.4","162.4","0","0"
"SOC110","Stabilised","CSG396","2024-02-01","7","203","192.85","192.85","0","0"
"UOC110","UW","CSG396","2024-02-01","14","406","220.40000000000003","220.40000000000003","0","0"
"FOC111","Forecast","CSG396","2024-03-01","7","217","173.60000000000002","173.60000000000002","0","0"
"SOC111","Stabilised","CSG396","2024-03-01","7","217","201.81","201.81","0","0"
"UOC111","UW","CSG396","2024-03-01","14","434","235.60000000000002","235.60000000000002","0","0"
"FOC112","Forecast","CSG396","2024-04-01","7","210","168.00000000000003","168.00000000000003","0","0"
"SOC112","Stabilised","CSG396","2024-04-01","7","210","195.3","195.3","0","0"
"UOC112","UW","CSG396","2024-04-01","14","420","228.00000000000003","228.00000000000003","0","0"
"FOC113","Forecast","CSG396","2024-05-01","7","217","173.60000000000002","173.60000000000002","0","0"
"SOC113","Stabilised","CSG396","2024-05-01","7","217","195.3","195.3","0","0"
"UOC113","UW","CSG396","2024-05-01","14","434","235.60000000000002","235.60000000000002","0","0"
"FOC114","Forecast","CSG396","2024-06-01","14","420","252.0","252.0","0","0"
"SOC114","Stabilised","CSG396","2024-06-01","14","420","378.0","378.0","0","0"
"UOC114","UW","CSG396","2024-06-01","14","420","228.00000000000003","228.00000000000003","0","0"
"FOC115","Forecast","CSG396","2024-07-01","14","434","244.125","244.125","0","0"
"SOC115","Stabilised","CSG396","2024-07-01","14","434","325.5","325.5","0","0"
"UOC115","UW","CSG396","2024-07-01","14","434","124.00000000000004","124.00000000000004","0","0"
"FOC116","Forecast","CSG396","2024-08-01","14","434","113.925","113.925","0","0"
"SOC116","Stabilised","CSG396","2024-08-01","14","434","221.34","221.34","0","0"
"UOC116","UW","CSG396","2024-08-01","14","434","124.00000000000004","124.00000000000004","0","0"
"FOC117","Forecast","CSG396","2024-09-01","14","420","378.0","378.0","0","0"
"SOC117","Stabilised","CSG396","2024-09-01","14","420","365.4","365.4","0","0"
"UOC117","UW","CSG396","2024-09-01","32","960","521.1428571428572","521.1428571428572","0","0"
"FOC118","Forecast","CSG396","2024-10-01","14","434","390.59999999999997","390.59999999999997","0","0"
"SOC118","Stabilised","CSG396","2024-10-01","14","434","407.96","407.96","0","0"
"UOC118","UW","CSG396","2024-10-01","32","992","538.5142857142857","538.5142857142857","0","0"
"FOC119","Forecast","CSG396","2024-11-01","14","420","378.0","378.0","0","0"
"SOC119","Stabilised","CSG396","2024-11-01","14","420","394.79999999999995","394.79999999999995","0","0"
"UOC119","UW","CSG396","2024-11-01","32","960","521.1428571428572","521.1428571428572","0","0"
"FOC120","Forecast","CSG396","2024-12-01","14","434","390.59999999999997","390.59999999999997","0","0"
"SOC120","Stabilised","CSG396","2024-12-01","14","434","403.62","403.62","0","0"
"UOC120","UW","CSG396","2024-12-01","32","992","861.6228571428574","861.6228571428574","0","0"
"FOC121","Forecast","DCT075","2024-01-01","1","31","0","0","0","0"
"SOC121","Stabilised","DCT075","2024-01-01","1","31","0","0","0","0"
"UOC121","UW","DCT075","2024-01-01","31","961","626.0228571428572","626.0228571428572","0","0"
"FOC122","Forecast","DCT075","2024-02-01","1","29","0","0","0","0"
"SOC122","Stabilised","DCT075","2024-02-01","1","29","0","0","0","0"
"UOC122","UW","DCT075","2024-02-01","37","1073","698.9828571428571","698.9828571428571","0","0"
"FOC123","Forecast","DCT075","2024-03-01","1","31","0","0","0","0"
"SOC123","Stabilised","DCT075","2024-03-01","1","31","0","0","0","0"
"UOC123","UW","DCT075","2024-03-01","37","1147","809.4542857142859","809.4542857142859","0","0"
"FOC124","Forecast","DCT075","2024-04-01","1","30","0","0","0","0"
"SOC124","Stabilised","DCT075","2024-04-01","1","30","0","0","0","0"
"UOC124","UW","DCT075","2024-04-01","37","1110","783.3428571428573","783.3428571428573","0","0"
"FOC125","Forecast","DCT075","2024-05-01","1","31","0","0","0","0"
"SOC125","Stabilised","DCT075","2024-05-01","1","31","0","0","0","0"
"UOC125","UW","DCT075","2024-05-01","43","1333","940.717142857143","940.717142857143","0","0"
"FOC126","Forecast","DCT075","2024-06-01","1","30","0","0","0","0"
"SOC126","Stabilised","DCT075","2024-06-01","1","30","0","0","0","0"
"UOC126","UW","DCT075","2024-06-01","55","1650","1164.4285714285716","1164.4285714285716","0","0"
"FOC127","Forecast","DCT075","2024-07-01","1","31","0","0","0","0"
"SOC127","Stabilised","DCT075","2024-07-01","1","31","0","0","0","0"
"UOC127","UW","DCT075","2024-07-01","55","1705","633.2857142857144","633.2857142857144","0","0"
"FOC128","Forecast","DCT075","2024-08-01","1","31","0","0","0","0"
"SOC128","Stabilised","DCT075","2024-08-01","1","31","0","0","0","0"
"UOC128","UW","DCT075","2024-08-01","55","1705","633.2857142857144","633.2857142857144","0","0"
"FOC129","Forecast","DCT075","2024-09-01","55","1650","1237.5","1237.5","0","0"
"SOC129","Stabilised","DCT075","2024-09-01","55","1650","1435.5","1435.5","0","0"
"UOC129","UW","DCT075","2024-09-01","55","1650","1164.4285714285716","1164.4285714285716","0","0"
"FOC130","Forecast","DCT075","2024-10-01","55","1705","1278.75","1278.75","0","0"
"SOC130","Stabilised","DCT075","2024-10-01","55","1705","1602.6999999999998","1602.6999999999998","0","0"
"UOC130","UW","DCT075","2024-10-01","61","1891","1334.5057142857145","1334.5057142857145","0","0"
"FOC131","Forecast","DCT075","2024-11-01","67","2010","1372.5","1372.5","0","0"
"SOC131","Stabilised","DCT075","2024-11-01","67","2010","1889.3999999999999","1889.3999999999999","0","0"
"UOC131","UW","DCT075","2024-11-01","61","1830","1291.457142857143","1291.457142857143","0","0"
"FOC132","Forecast","DCT075","2024-12-01","67","2077","1418.25","1418.25","0","0"
"SOC132","Stabilised","DCT075","2024-12-01","67","2077","1931.6100000000001","1931.6100000000001","0","0"
"UOC132","UW","DCT075","2024-12-01","61","1891","1334.5057142857145","1334.5057142857145","0","0"
"FOC133","Forecast","ENC160","2024-01-01","9","279","265.04999999999995","265.04999999999995","0","0"
"SOC133","Stabilised","ENC160","2024-01-01","9","279","0","0","0","0"
"UOC133","UW","ENC160","2024-01-01","9","279","0","0","0","0"
"FOC134","Forecast","ENC160","2024-02-01","9","261","247.94999999999996","247.94999999999996","0","0"
"SOC134","Stabilised","ENC160","2024-02-01","9","261","0","0","0","0"
"UOC134","UW","ENC160","2024-02-01","9","261","0","0","0","0"
"FOC135","Forecast","ENC160","2024-03-01","9","279","265.04999999999995","265.04999999999995","0","0"
"SOC135","Stabilised","ENC160","2024-03-01","9","279","0","0","0","0"
"UOC135","UW","ENC160","2024-03-01","9","279","0","0","0","0"
"FOC136","Forecast","ENC160","2024-04-01","9","270","256.49999999999994","256.49999999999994","0","0"
"SOC136","Stabilised","ENC160","2024-04-01","9","270","0","0","0","0"
"UOC136","UW","ENC160","2024-04-01","9","270","0","0","0","0"
"FOC137","Forecast","ENC160","2024-05-01","9","279","256.68000000000006","256.68000000000006","0","0"
"SOC137","Stabilised","ENC160","2024-05-01","9","279","0","0","0","0"
"UOC137","UW","ENC160","2024-05-01","9","279","0","0","0","0"
"FOC138","Forecast","ENC160","2024-06-01","9","270","248.40000000000003","248.40000000000003","0","0"
"SOC138","Stabilised","ENC160","2024-06-01","9","270","0","0","0","0"
"UOC138","UW","ENC160","2024-06-01","9","270","0","0","0","0"
"FOC139","Forecast","ENC160","2024-07-01","9","279","209.25","209.25","0","0"
"SOC139","Stabilised","ENC160","2024-07-01","9","279","0","0","0","0"
"UOC139","UW","ENC160","2024-07-01","9","279","0","0","0","0"
"FOC140","Forecast","ENC160","2024-08-01","9","279","111.60000000000001","111.60000000000001","0","0"
"SOC140","Stabilised","ENC160","2024-08-01","9","279","0","0","0","0"
"UOC140","UW","ENC160","2024-08-01","9","279","0","0","0","0"
"FOC141","Forecast","ENC160","2024-09-01","9","270","243.0","243.0","0","0"
"SOC141","Stabilised","ENC160","2024-09-01","9","270","0","0","0","0"
"UOC141","UW","ENC160","2024-09-01","9","270","0","0","0","0"
"FOC142","Forecast","ENC160","2024-10-01","9","279","267.84000000000003","267.84000000000003","0","0"
"SOC142","Stabilised","ENC160","2024-10-01","9","279","0","0","0","0"
"UOC142","UW","ENC160","2024-10-01","9","279","0","0","0","0"
"FOC143","Forecast","ENC160","2024-11-01","9","270","259.20000000000005","259.20000000000005","0","0"
"SOC143","Stabilised","ENC160","2024-11-01","9","270","0","0","0","0"
"UOC143","UW","ENC160","2024-11-01","9","270","0","0","0","0"
"FOC144","Forecast","ENC160","2024-12-01","9","279","265.04999999999995","265.04999999999995","0","0"
"SOC144","Stabilised","ENC160","2024-12-01","9","279","0","0","0","0"
"UOC144","UW","ENC160","2024-12-01","9","279","0","0","0","0"
"FOC145","Forecast","ENT069","2024-01-01","74","2294","2294","2294","0","0"
"SOC145","Stabilised","ENT069","2024-01-01","74","2294","2294","2294","0","0"
"UOC145","UW","ENT069","2024-01-01","54","1674","1464.75","1464.75","0","0"
"FOC146","Forecast","ENT069","2024-02-01","74","2146","2146","2146","0","0"
"SOC146","Stabilised","ENT069","2024-02-01","74","2146","2146","2146","0","0"
"UOC146","UW","ENT069","2024-02-01","54","1566","1370.25","1370.25","0","0"
"FOC147","Forecast","ENT069","2024-03-01","74","2294","2294","2294","0","0"
"SOC147","Stabilised","ENT069","2024-03-01","74","2294","2294","2294","0","0"
"UOC147","UW","ENT069","2024-03-01","54","1674","1464.75","1464.75","0","0"
"FOC148","Forecast","ENT069","2024-04-01","74","2220","2220","2220","0","0"
"SOC148","Stabilised","ENT069","2024-04-01","74","2220","2220","2220","0","0"
"UOC148","UW","ENT069","2024-04-01","54","1620","1417.5","1417.5","0","0"
"FOC149","Forecast","ENT069","2024-05-01","74","2294","2294","2294","0","0"
"SOC149","Stabilised","ENT069","2024-05-01","74","2294","2294","2294","0","0"
"UOC149","UW","ENT069","2024-05-01","54","1674","1464.75","1464.75","0","0"
"FOC150","Forecast","ENT069","2024-06-01","74","2220","2220","2220","0","0"
"SOC150","Stabilised","ENT069","2024-06-01","74","2220","2220","2220","0","0"
"UOC150","UW","ENT069","2024-06-01","54","1620","1417.5","1417.5","0","0"
"FOC151","Forecast","ENT069","2024-07-01","74","2294","2294","2294","0","0"
"SOC151","Stabilised","ENT069","2024-07-01","74","2294","2294","2294","0","0"
"UOC151","UW","ENT069","2024-07-01","54","1674","1464.75","1464.75","0","0"
"FOC152","Forecast","ENT069","2024-08-01","74","2294","0","0","0","0"
"SOC152","Stabilised","ENT069","2024-08-01","74","2294","0","0","0","0"
"UOC152","UW","ENT069","2024-08-01","54","1674","1464.75","1464.75","0","0"
"FOC153","Forecast","ENT069","2024-09-01","74","2220","2220","2220","0","0"
"SOC153","Stabilised","ENT069","2024-09-01","74","2220","2220","2220","0","0"
"UOC153","UW","ENT069","2024-09-01","54","1620","1417.5","1417.5","0","0"
"FOC154","Forecast","ENT069","2024-10-01","74","2294","2294","2294","0","0"
"SOC154","Stabilised","ENT069","2024-10-01","74","2294","2294","2294","0","0"
"UOC154","UW","ENT069","2024-10-01","54","1674","1464.75","1464.75","0","0"
"FOC155","Forecast","ENT069","2024-11-01","74","2220","2220","2220","0","0"
"SOC155","Stabilised","ENT069","2024-11-01","74","2220","2220","2220","0","0"
"UOC155","UW","ENT069","2024-11-01","54","1620","1417.5","1417.5","0","0"
"FOC156","Forecast","ENT069","2024-12-01","74","2294","2294","2294","0","0"
"SOC156","Stabilised","ENT069","2024-12-01","74","2294","2294","2294","0","0"
"UOC156","UW","ENT069","2024-12-01","54","1674","1464.75","1464.75","0","0"
"FOC157","Forecast","GCO024","2024-01-01","0","0","0","0","0","0"
"SOC157","Stabilised","GCO024","2024-01-01","0","0","0.0","0.0","0","0"
"UOC157","UW","GCO024","2024-01-01","86","2666","2332.75","2332.75","0","0"
"FOC158","Forecast","GCO024","2024-02-01","0","0","0","0","0","0"
"SOC158","Stabilised","GCO024","2024-02-01","0","0","0.0","0.0","0","0"
"UOC158","UW","GCO024","2024-02-01","86","2494","2182.25","2182.25","0","0"
"FOC159","Forecast","GCO024","2024-03-01","0","0","0","0","0","0"
"SOC159","Stabilised","GCO024","2024-03-01","0","0","0.0","0.0","0","0"
"UOC159","UW","GCO024","2024-03-01","86","2666","2332.75","2332.75","0","0"
"FOC160","Forecast","GCO024","2024-04-01","0","0","0","0","0","0"
"SOC160","Stabilised","GCO024","2024-04-01","0","0","0.0","0.0","0","0"
"UOC160","UW","GCO024","2024-04-01","86","2580","2257.5","2257.5","0","0"
"FOC161","Forecast","GCO024","2024-05-01","0","0","0","0","0","0"
"SOC161","Stabilised","GCO024","2024-05-01","0","0","0.0","0.0","0","0"
"UOC161","UW","GCO024","2024-05-01","86","2666","2332.75","2332.75","0","0"
"FOC162","Forecast","GCO024","2024-06-01","0","0","0","0","0","0"
"SOC162","Stabilised","GCO024","2024-06-01","0","0","0.0","0.0","0","0"
"UOC162","UW","GCO024","2024-06-01","86","2580","2257.5","2257.5","0","0"
"FOC163","Forecast","GCO024","2024-07-01","0","0","0","0","0","0"
"SOC163","Stabilised","GCO024","2024-07-01","0","0","0.0","0.0","0","0"
"UOC163","UW","GCO024","2024-07-01","86","2666","2332.75","2332.75","0","0"
"FOC164","Forecast","GCO024","2024-08-01","0","0","0","0","0","0"
"SOC164","Stabilised","GCO024","2024-08-01","0","0","0.0","0.0","0","0"
"UOC164","UW","GCO024","2024-08-01","86","2666","2332.75","2332.75","0","0"
"FOC165","Forecast","GCO024","2024-09-01","80","2400","1920","1920","0","0"
"SOC165","Stabilised","GCO024","2024-09-01","80","2400","2088.0","2088.0","0","0"
"UOC165","UW","GCO024","2024-09-01","86","2580","2257.5","2257.5","0","0"
"FOC166","Forecast","GCO024","2024-10-01","80","2480","1984","1984","0","0"
"SOC166","Stabilised","GCO024","2024-10-01","80","2480","2331.2","2331.2","0","0"
"UOC166","UW","GCO024","2024-10-01","86","2666","2332.75","2332.75","0","0"
"FOC167","Forecast","GCO024","2024-11-01","80","2400","1920","1920","0","0"
"SOC167","Stabilised","GCO024","2024-11-01","80","2400","2256.0","2256.0","0","0"
"UOC167","UW","GCO024","2024-11-01","86","2580","2257.5","2257.5","0","0"
"FOC168","Forecast","GCO024","2024-12-01","80","2480","1984","1984","0","0"
"SOC168","Stabilised","GCO024","2024-12-01","80","2480","2306.4","2306.4","0","0"
"UOC168","UW","GCO024","2024-12-01","86","2666","2332.75","2332.75","0","0"
"FOC169","Forecast","GTF000","2024-01-01","75","2325","2092.5","2092.5","0","0"
"SOC169","Stabilised","GTF000","2024-01-01","75","2325","2208.75","2208.75","0","0"
"UOC169","UW","GTF000","2024-01-01","75","2325","1640.7857142857147","1640.7857142857147","0","0"
"FOC170","Forecast","GTF000","2024-02-01","75","2175","1957.5","1957.5","0","0"
"SOC170","Stabilised","GTF000","2024-02-01","75","2175","2066.25","2066.25","0","0"
"UOC170","UW","GTF000","2024-02-01","75","2175","1889.1428571428576","1889.1428571428576","0","0"
"FOC171","Forecast","GTF000","2024-03-01","75","2325","2092.5","2092.5","0","0"
"SOC171","Stabilised","GTF000","2024-03-01","75","2325","2162.25","2162.25","0","0"
"UOC171","UW","GTF000","2024-03-01","75","2325","2019.4285714285718","2019.4285714285718","0","0"
"FOC172","Forecast","GTF000","2024-04-01","75","2250","2025.0","2025.0","0","0"
"SOC172","Stabilised","GTF000","2024-04-01","75","2250","2092.5","2092.5","0","0"
"UOC172","UW","GTF000","2024-04-01","75","2250","1954.2857142857147","1954.2857142857147","0","0"
"FOC173","Forecast","GTF000","2024-05-01","75","2325","2092.5","2092.5","0","0"
"SOC173","Stabilised","GTF000","2024-05-01","75","2325","2092.5","2092.5","0","0"
"UOC173","UW","GTF000","2024-05-01","75","2325","2019.4285714285718","2019.4285714285718","0","0"
"FOC174","Forecast","GTF000","2024-06-01","78","2340","2065.5000000000005","2065.5000000000005","0","0"
"SOC174","Stabilised","GTF000","2024-06-01","78","2340","2106.0","2106.0","0","0"
"UOC174","UW","GTF000","2024-06-01","75","2250","1954.2857142857147","1954.2857142857147","0","0"
"FOC175","Forecast","GTF000","2024-07-01","83","2573","1714.3","1714.3","0","0"
"SOC175","Stabilised","GTF000","2024-07-01","83","2573","1929.75","1929.75","0","0"
"UOC175","UW","GTF000","2024-07-01","75","2325","1062.8571428571431","1062.8571428571431","0","0"
"FOC176","Forecast","GTF000","2024-08-01","83","2573","612.25","612.25","0","0"
"SOC176","Stabilised","GTF000","2024-08-01","83","2573","1312.23","1312.23","0","0"
"UOC176","UW","GTF000","2024-08-01","75","2325","1062.8571428571431","1062.8571428571431","0","0"
"FOC177","Forecast","GTF000","2024-09-01","83","2490","2365.5","2365.5","0","0"
"SOC177","Stabilised","GTF000","2024-09-01","83","2490","2166.3","2166.3","0","0"
"UOC177","UW","GTF000","2024-09-01","75","2250","1954.2857142857147","1954.2857142857147","0","0"
"FOC178","Forecast","GTF000","2024-10-01","83","2573","2444.35","2444.35","0","0"
"SOC178","Stabilised","GTF000","2024-10-01","83","2573","2418.62","2418.62","0","0"
"UOC178","UW","GTF000","2024-10-01","78","2418","2100.2057142857147","2100.2057142857147","0","0"
"FOC179","Forecast","GTF000","2024-11-01","83","2490","2365.5","2365.5","0","0"
"SOC179","Stabilised","GTF000","2024-11-01","83","2490","2340.6","2340.6","0","0"
"UOC179","UW","GTF000","2024-11-01","78","2340","2032.4571428571433","2032.4571428571433","0","0"
"FOC180","Forecast","GTF000","2024-12-01","83","2573","2444.35","2444.35","0","0"
"SOC180","Stabilised","GTF000","2024-12-01","83","2573","2392.8900000000003","2392.8900000000003","0","0"
"UOC180","UW","GTF000","2024-12-01","78","2418","2100.2057142857147","2100.2057142857147","0","0"
"FOC181","Forecast","MUN448","2024-01-01","36","1116","892.8000000000001","892.8000000000001","0","0"
"SOC181","Stabilised","MUN448","2024-01-01","36","1116","1060.2","1060.2","0","0"
"UOC181","UW","MUN448","2024-01-01","61","1891","1654.625","1654.625","0","0"
"FOC182","Forecast","MUN448","2024-02-01","36","1044","887.4","887.4","0","0"
"SOC182","Stabilised","MUN448","2024-02-01","36","1044","991.8","991.8","0","0"
"UOC182","UW","MUN448","2024-02-01","61","1769","1547.875","1547.875","0","0"
"FOC183","Forecast","MUN448","2024-03-01","36","1116","948.5999999999999","948.5999999999999","0","0"
"SOC183","Stabilised","MUN448","2024-03-01","36","1116","1037.88","1037.88","0","0"
"UOC183","UW","MUN448","2024-03-01","61","1891","1654.625","1654.625","0","0"
"FOC184","Forecast","MUN448","2024-04-01","36","1080","917.9999999999999","917.9999999999999","0","0"
"SOC184","Stabilised","MUN448","2024-04-01","36","1080","1004.4000000000001","1004.4000000000001","0","0"
"UOC184","UW","MUN448","2024-04-01","61","1830","1601.25","1601.25","0","0"
"FOC185","Forecast","MUN448","2024-05-01","51","1581","1146.2250000000001","1146.2250000000001","0","0"
"SOC185","Stabilised","MUN448","2024-05-01","51","1581","1422.9","1422.9","0","0"
"UOC185","UW","MUN448","2024-05-01","61","1891","1654.625","1654.625","0","0"
"FOC186","Forecast","MUN448","2024-06-01","51","1530","1109.25","1109.25","0","0"
"SOC186","Stabilised","MUN448","2024-06-01","51","1530","1377.0","1377.0","0","0"
"UOC186","UW","MUN448","2024-06-01","61","1830","1601.25","1601.25","0","0"
"FOC187","Forecast","MUN448","2024-07-01","51","1581","943.9499999999999","943.9499999999999","0","0"
"SOC187","Stabilised","MUN448","2024-07-01","51","1581","1185.75","1185.75","0","0"
"UOC187","UW","MUN448","2024-07-01","61","1891","1654.625","1654.625","0","0"
"FOC188","Forecast","MUN448","2024-08-01","59","1829","515.375","515.375","0","0"
"SOC188","Stabilised","MUN448","2024-08-01","59","1829","932.79","932.79","0","0"
"UOC188","UW","MUN448","2024-08-01","68","2108","1844.5","1844.5","0","0"
"FOC189","Forecast","MUN448","2024-09-01","59","1770","1593.0","1593.0","0","0"
"SOC189","Stabilised","MUN448","2024-09-01","59","1770","1539.9","1539.9","0","0"
"UOC189","UW","MUN448","2024-09-01","79","2370","2073.75","2073.75","0","0"
"FOC190","Forecast","MUN448","2024-10-01","59","1829","1646.1000000000001","1646.1000000000001","0","0"
"SOC190","Stabilised","MUN448","2024-10-01","59","1829","1719.26","1719.26","0","0"
"UOC190","UW","MUN448","2024-10-01","79","2449","2142.875","2142.875","0","0"
"FOC191","Forecast","MUN448","2024-11-01","59","1770","1593.0","1593.0","0","0"
"SOC191","Stabilised","MUN448","2024-11-01","59","1770","1663.8","1663.8","0","0"
"UOC191","UW","MUN448","2024-11-01","79","2370","2073.75","2073.75","0","0"
"FOC192","Forecast","MUN448","2024-12-01","59","1829","1646.1000000000001","1646.1000000000001","0","0"
"SOC192","Stabilised","MUN448","2024-12-01","59","1829","1700.97","1700.97","0","0"
"UOC192","UW","MUN448","2024-12-01","79","2449","2142.875","2142.875","0","0"
"FOC193","Forecast","NAP206","2024-01-01","34","1054","1001.3","1001.3","0","0"
"SOC193","Stabilised","NAP206","2024-01-01","34","1054","1001.3","1001.3","0","0"
"UOC193","UW","NAP206","2024-01-01","34","1054","922.25","922.25","0","0"
"FOC194","Forecast","NAP206","2024-02-01","34","986","936.6999999999999","936.6999999999999","0","0"
"SOC194","Stabilised","NAP206","2024-02-01","34","986","936.6999999999999","936.6999999999999","0","0"
"UOC194","UW","NAP206","2024-02-01","34","986","862.75","862.75","0","0"
"FOC195","Forecast","NAP206","2024-03-01","34","1054","1001.3","1001.3","0","0"
"SOC195","Stabilised","NAP206","2024-03-01","34","1054","980.22","980.22","0","0"
"UOC195","UW","NAP206","2024-03-01","34","1054","922.25","922.25","0","0"
"FOC196","Forecast","NAP206","2024-04-01","34","1020","968.9999999999999","968.9999999999999","0","0"
"SOC196","Stabilised","NAP206","2024-04-01","34","1020","948.6","948.6","0","0"
"UOC196","UW","NAP206","2024-04-01","34","1020","892.5","892.5","0","0"
"FOC197","Forecast","NAP206","2024-05-01","34","1054","969.6800000000001","969.6800000000001","0","0"
"SOC197","Stabilised","NAP206","2024-05-01","34","1054","948.6","948.6","0","0"
"UOC197","UW","NAP206","2024-05-01","34","1054","922.25","922.25","0","0"
"FOC198","Forecast","NAP206","2024-06-01","34","1020","938.4000000000001","938.4000000000001","0","0"
"SOC198","Stabilised","NAP206","2024-06-01","34","1020","918.0","918.0","0","0"
"UOC198","UW","NAP206","2024-06-01","34","1020","892.5","892.5","0","0"
"FOC199","Forecast","NAP206","2024-07-01","34","1054","790.5","790.5","0","0"
"SOC199","Stabilised","NAP206","2024-07-01","34","1054","790.5","790.5","0","0"
"UOC199","UW","NAP206","2024-07-01","34","1054","922.25","922.25","0","0"
"FOC200","Forecast","NAP206","2024-08-01","34","1054","421.6","421.6","0","0"
"SOC200","Stabilised","NAP206","2024-08-01","34","1054","537.54","537.54","0","0"
"UOC200","UW","NAP206","2024-08-01","34","1054","922.25","922.25","0","0"
"FOC201","Forecast","NAP206","2024-09-01","34","1020","918.0","918.0","0","0"
"SOC201","Stabilised","NAP206","2024-09-01","34","1020","887.4","887.4","0","0"
"UOC201","UW","NAP206","2024-09-01","34","1020","892.5","892.5","0","0"
"FOC202","Forecast","NAP206","2024-10-01","34","1054","1011.84","1011.84","0","0"
"SOC202","Stabilised","NAP206","2024-10-01","34","1054","990.76","990.76","0","0"
"UOC202","UW","NAP206","2024-10-01","34","1054","922.25","922.25","0","0"
"FOC203","Forecast","NAP206","2024-11-01","34","1020","979.2","979.2","0","0"
"SOC203","Stabilised","NAP206","2024-11-01","34","1020","958.8","958.8","0","0"
"UOC203","UW","NAP206","2024-11-01","34","1020","892.5","892.5","0","0"
"FOC204","Forecast","NAP206","2024-12-01","34","1054","1001.3","1001.3","0","0"
"SOC204","Stabilised","NAP206","2024-12-01","34","1054","980.22","980.22","0","0"
"UOC204","UW","NAP206","2024-12-01","34","1054","922.25","922.25","0","0"
"FOC205","Forecast","NAU014","2024-01-01","0","0","0","0","0","0"
"SOC205","Stabilised","NAU014","2024-01-01","0","0","0.0","0.0","0","0"
"UOC205","UW","NAU014","2024-01-01","20","620","542.5","542.5","0","0"
"FOC206","Forecast","NAU014","2024-02-01","0","0","0","0","0","0"
"SOC206","Stabilised","NAU014","2024-02-01","0","0","0.0","0.0","0","0"
"UOC206","UW","NAU014","2024-02-01","20","580","507.5","507.5","0","0"
"FOC207","Forecast","NAU014","2024-03-01","0","0","0","0","0","0"
"SOC207","Stabilised","NAU014","2024-03-01","0","0","0.0","0.0","0","0"
"UOC207","UW","NAU014","2024-03-01","20","620","542.5","542.5","0","0"
"FOC208","Forecast","NAU014","2024-04-01","0","0","0","0","0","0"
"SOC208","Stabilised","NAU014","2024-04-01","0","0","0.0","0.0","0","0"
"UOC208","UW","NAU014","2024-04-01","20","600","525.0","525.0","0","0"
"FOC209","Forecast","NAU014","2024-05-01","0","0","0","0","0","0"
"SOC209","Stabilised","NAU014","2024-05-01","0","0","0.0","0.0","0","0"
"UOC209","UW","NAU014","2024-05-01","20","620","542.5","542.5","0","0"
"FOC210","Forecast","NAU014","2024-06-01","0","0","0","0","0","0"
"SOC210","Stabilised","NAU014","2024-06-01","0","0","0.0","0.0","0","0"
"UOC210","UW","NAU014","2024-06-01","20","600","525.0","525.0","0","0"
"FOC211","Forecast","NAU014","2024-07-01","0","0","0","0","0","0"
"SOC211","Stabilised","NAU014","2024-07-01","0","0","0.0","0.0","0","0"
"UOC211","UW","NAU014","2024-07-01","20","620","542.5","542.5","0","0"
"FOC212","Forecast","NAU014","2024-08-01","0","0","0","0","0","0"
"SOC212","Stabilised","NAU014","2024-08-01","0","0","0.0","0.0","0","0"
"UOC212","UW","NAU014","2024-08-01","20","620","542.5","542.5","0","0"
"FOC213","Forecast","NAU014","2024-09-01","12","360","288.00000000000006","288.00000000000006","0","0"
"SOC213","Stabilised","NAU014","2024-09-01","12","360","313.2","313.2","0","0"
"UOC213","UW","NAU014","2024-09-01","20","600","525.0","525.0","0","0"
"FOC214","Forecast","NAU014","2024-10-01","12","372","297.6","297.6","0","0"
"SOC214","Stabilised","NAU014","2024-10-01","12","372","349.68","349.68","0","0"
"UOC214","UW","NAU014","2024-10-01","20","620","542.5","542.5","0","0"
"FOC215","Forecast","NAU014","2024-11-01","12","360","288.00000000000006","288.00000000000006","0","0"
"SOC215","Stabilised","NAU014","2024-11-01","12","360","338.4","338.4","0","0"
"UOC215","UW","NAU014","2024-11-01","20","600","525.0","525.0","0","0"
"FOC216","Forecast","NAU014","2024-12-01","12","372","297.6","297.6","0","0"
"SOC216","Stabilised","NAU014","2024-12-01","12","372","345.96000000000004","345.96000000000004","0","0"
"UOC216","UW","NAU014","2024-12-01","20","620","542.5","542.5","0","0"
"FOC217","Forecast","PFC002","2024-01-01","41","1271","889.6999999999999","889.6999999999999","0","0"
"SOC217","Stabilised","PFC002","2024-01-01","41","1271","889.6999999999999","889.6999999999999","0","0"
"UOC217","UW","PFC002","2024-01-01","40","1240","1085.0","1085.0","0","0"
"FOC218","Forecast","PFC002","2024-02-01","41","1189","832.3","832.3","0","0"
"SOC218","Stabilised","PFC002","2024-02-01","41","1189","832.3","832.3","0","0"
"UOC218","UW","PFC002","2024-02-01","40","1160","1015.0","1015.0","0","0"
"FOC219","Forecast","PFC002","2024-03-01","41","1271","889.6999999999999","889.6999999999999","0","0"
"SOC219","Stabilised","PFC002","2024-03-01","41","1271","889.6999999999999","889.6999999999999","0","0"
"UOC219","UW","PFC002","2024-03-01","40","1240","1085.0","1085.0","0","0"
"FOC220","Forecast","PFC002","2024-04-01","41","1230","861.0","861.0","0","0"
"SOC220","Stabilised","PFC002","2024-04-01","41","1230","861.0","861.0","0","0"
"UOC220","UW","PFC002","2024-04-01","40","1200","1050.0","1050.0","0","0"
"FOC221","Forecast","PFC002","2024-05-01","41","1271","889.6999999999999","889.6999999999999","0","0"
"SOC221","Stabilised","PFC002","2024-05-01","41","1271","889.6999999999999","889.6999999999999","0","0"
"UOC221","UW","PFC002","2024-05-01","40","1240","1085.0","1085.0","0","0"
"FOC222","Forecast","PFC002","2024-06-01","41","1230","861.0","861.0","0","0"
"SOC222","Stabilised","PFC002","2024-06-01","41","1230","861.0","861.0","0","0"
"UOC222","UW","PFC002","2024-06-01","40","1200","1050.0","1050.0","0","0"
"FOC223","Forecast","PFC002","2024-07-01","41","1271","889.6999999999999","889.6999999999999","0","0"
"SOC223","Stabilised","PFC002","2024-07-01","41","1271","889.6999999999999","889.6999999999999","0","0"
"UOC223","UW","PFC002","2024-07-01","40","1240","1085.0","1085.0","0","0"
"FOC224","Forecast","PFC002","2024-08-01","41","1271","254.20000000000005","254.20000000000005","0","0"
"SOC224","Stabilised","PFC002","2024-08-01","41","1271","254.20000000000005","254.20000000000005","0","0"
"UOC224","UW","PFC002","2024-08-01","40","1240","1085.0","1085.0","0","0"
"FOC225","Forecast","PFC002","2024-09-01","41","1230","1168.4999999999998","1168.4999999999998","0","0"
"SOC225","Stabilised","PFC002","2024-09-01","41","1230","1168.4999999999998","1168.4999999999998","0","0"
"UOC225","UW","PFC002","2024-09-01","40","1200","1050.0","1050.0","0","0"
"FOC226","Forecast","PFC002","2024-10-01","41","1271","1207.4499999999998","1207.4499999999998","0","0"
"SOC226","Stabilised","PFC002","2024-10-01","41","1271","1207.4499999999998","1207.4499999999998","0","0"
"UOC226","UW","PFC002","2024-10-01","40","1240","1085.0","1085.0","0","0"
"FOC227","Forecast","PFC002","2024-11-01","41","1230","1168.4999999999998","1168.4999999999998","0","0"
"SOC227","Stabilised","PFC002","2024-11-01","41","1230","1168.4999999999998","1168.4999999999998","0","0"
"UOC227","UW","PFC002","2024-11-01","40","1200","1050.0","1050.0","0","0"
"FOC228","Forecast","PFC002","2024-12-01","41","1271","1207.4499999999998","1207.4499999999998","0","0"
"SOC228","Stabilised","PFC002","2024-12-01","41","1271","1207.4499999999998","1207.4499999999998","0","0"
"UOC228","UW","PFC002","2024-12-01","40","1240","1085.0","1085.0","0","0"
"FOC229","Forecast","RAL006","2024-01-01","28","868","868","868","0","0"
"SOC229","Stabilised","RAL006","2024-01-01","28","868","0","0","0","0"
"UOC229","UW","RAL006","2024-01-01","28","868","0","0","0","0"
"FOC230","Forecast","RAL006","2024-02-01","28","812","812","812","0","0"
"SOC230","Stabilised","RAL006","2024-02-01","28","812","0","0","0","0"
"UOC230","UW","RAL006","2024-02-01","28","812","0","0","0","0"
"FOC231","Forecast","RAL006","2024-03-01","28","868","868","868","0","0"
"SOC231","Stabilised","RAL006","2024-03-01","28","868","0","0","0","0"
"UOC231","UW","RAL006","2024-03-01","28","868","0","0","0","0"
"FOC232","Forecast","RAL006","2024-04-01","28","840","840","840","0","0"
"SOC232","Stabilised","RAL006","2024-04-01","28","840","0","0","0","0"
"UOC232","UW","RAL006","2024-04-01","28","840","0","0","0","0"
"FOC233","Forecast","RAL006","2024-05-01","28","868","868","868","0","0"
"SOC233","Stabilised","RAL006","2024-05-01","28","868","0","0","0","0"
"UOC233","UW","RAL006","2024-05-01","28","868","0","0","0","0"
"FOC234","Forecast","RAL006","2024-06-01","28","840","840","840","0","0"
"SOC234","Stabilised","RAL006","2024-06-01","28","840","0","0","0","0"
"UOC234","UW","RAL006","2024-06-01","28","840","0","0","0","0"
"FOC235","Forecast","RAL006","2024-07-01","28","868","868","868","0","0"
"SOC235","Stabilised","RAL006","2024-07-01","28","868","0","0","0","0"
"UOC235","UW","RAL006","2024-07-01","28","868","0","0","0","0"
"FOC236","Forecast","RAL006","2024-08-01","28","868","0","0","0","0"
"SOC236","Stabilised","RAL006","2024-08-01","28","868","0","0","0","0"
"UOC236","UW","RAL006","2024-08-01","28","868","0","0","0","0"
"FOC237","Forecast","RAL006","2024-09-01","28","840","840","840","0","0"
"SOC237","Stabilised","RAL006","2024-09-01","28","840","0","0","0","0"
"UOC237","UW","RAL006","2024-09-01","28","840","0","0","0","0"
"FOC238","Forecast","RAL006","2024-10-01","28","868","868","868","0","0"
"SOC238","Stabilised","RAL006","2024-10-01","28","868","0","0","0","0"
"UOC238","UW","RAL006","2024-10-01","28","868","0","0","0","0"
"FOC239","Forecast","RAL006","2024-11-01","28","840","840","840","0","0"
"SOC239","Stabilised","RAL006","2024-11-01","28","840","0","0","0","0"
"UOC239","UW","RAL006","2024-11-01","28","840","0","0","0","0"
"FOC240","Forecast","RAL006","2024-12-01","28","868","868","868","0","0"
"SOC240","Stabilised","RAL006","2024-12-01","28","868","0","0","0","0"
"UOC240","UW","RAL006","2024-12-01","28","868","0","0","0","0"
"FOC241","Forecast","RCF219","2024-01-01","43","1333","1266.3500000000001","1266.3500000000001","0","0"
"SOC241","Stabilised","RCF219","2024-01-01","43","1333","1266.35","1266.35","0","0"
"UOC241","UW","RCF219","2024-01-01","38","1178","1030.75","1030.75","0","0"
"FOC242","Forecast","RCF219","2024-02-01","43","1247","1184.65","1184.65","0","0"
"SOC242","Stabilised","RCF219","2024-02-01","43","1247","1184.6499999999999","1184.6499999999999","0","0"
"UOC242","UW","RCF219","2024-02-01","38","1102","964.25","964.25","0","0"
"FOC243","Forecast","RCF219","2024-03-01","43","1333","1266.3500000000001","1266.3500000000001","0","0"
"SOC243","Stabilised","RCF219","2024-03-01","43","1333","1239.69","1239.69","0","0"
"UOC243","UW","RCF219","2024-03-01","38","1178","1030.75","1030.75","0","0"
"FOC244","Forecast","RCF219","2024-04-01","43","1290","1225.5","1225.5","0","0"
"SOC244","Stabilised","RCF219","2024-04-01","43","1290","1199.7","1199.7","0","0"
"UOC244","UW","RCF219","2024-04-01","38","1140","997.5","997.5","0","0"
"FOC245","Forecast","RCF219","2024-05-01","43","1333","1226.3600000000001","1226.3600000000001","0","0"
"SOC245","Stabilised","RCF219","2024-05-01","43","1333","1199.7","1199.7","0","0"
"UOC245","UW","RCF219","2024-05-01","38","1178","1030.75","1030.75","0","0"
"FOC246","Forecast","RCF219","2024-06-01","43","1290","1186.8000000000002","1186.8000000000002","0","0"
"SOC246","Stabilised","RCF219","2024-06-01","43","1290","1161.0","1161.0","0","0"
"UOC246","UW","RCF219","2024-06-01","38","1140","997.5","997.5","0","0"
"FOC247","Forecast","RCF219","2024-07-01","43","1333","999.75","999.75","0","0"
"SOC247","Stabilised","RCF219","2024-07-01","43","1333","999.75","999.75","0","0"
"UOC247","UW","RCF219","2024-07-01","38","1178","1030.75","1030.75","0","0"
"FOC248","Forecast","RCF219","2024-08-01","43","1333","533.1999999999999","533.1999999999999","0","0"
"SOC248","Stabilised","RCF219","2024-08-01","43","1333","679.83","679.83","0","0"
"UOC248","UW","RCF219","2024-08-01","38","1178","1030.75","1030.75","0","0"
"FOC249","Forecast","RCF219","2024-09-01","43","1290","1161.0","1161.0","0","0"
"SOC249","Stabilised","RCF219","2024-09-01","43","1290","1122.3","1122.3","0","0"
"UOC249","UW","RCF219","2024-09-01","38","1140","997.5","997.5","0","0"
"FOC250","Forecast","RCF219","2024-10-01","43","1333","1279.68","1279.68","0","0"
"SOC250","Stabilised","RCF219","2024-10-01","43","1333","1253.02","1253.02","0","0"
"UOC250","UW","RCF219","2024-10-01","38","1178","1030.75","1030.75","0","0"
"FOC251","Forecast","RCF219","2024-11-01","43","1290","1238.4","1238.4","0","0"
"SOC251","Stabilised","RCF219","2024-11-01","43","1290","1212.6","1212.6","0","0"
"UOC251","UW","RCF219","2024-11-01","38","1140","997.5","997.5","0","0"
"FOC252","Forecast","RCF219","2024-12-01","43","1333","1266.3500000000001","1266.3500000000001","0","0"
"SOC252","Stabilised","RCF219","2024-12-01","43","1333","1239.69","1239.69","0","0"
"UOC252","UW","RCF219","2024-12-01","38","1178","1030.75","1030.75","0","0"
"FOC253","Forecast","RDC044","2024-01-01","114","3534","3357.2999999999997","3357.2999999999997","0","0"
"SOC253","Stabilised","RDC044","2024-01-01","114","3534","3357.2999999999997","3357.2999999999997","0","0"
"UOC253","UW","RDC044","2024-01-01","115","3565","3119.375","3119.375","0","0"
"FOC254","Forecast","RDC044","2024-02-01","114","3306","3140.7","3140.7","0","0"
"SOC254","Stabilised","RDC044","2024-02-01","114","3306","3140.7","3140.7","0","0"
"UOC254","UW","RDC044","2024-02-01","115","3335","2918.125","2918.125","0","0"
"FOC255","Forecast","RDC044","2024-03-01","114","3534","3357.2999999999997","3357.2999999999997","0","0"
"SOC255","Stabilised","RDC044","2024-03-01","114","3534","3286.6200000000003","3286.6200000000003","0","0"
"UOC255","UW","RDC044","2024-03-01","115","3565","3119.375","3119.375","0","0"
"FOC256","Forecast","RDC044","2024-04-01","114","3420","3249.0","3249.0","0","0"
"SOC256","Stabilised","RDC044","2024-04-01","114","3420","3180.6000000000004","3180.6000000000004","0","0"
"UOC256","UW","RDC044","2024-04-01","115","3450","3018.75","3018.75","0","0"
"FOC257","Forecast","RDC044","2024-05-01","114","3534","3251.28","3251.28","0","0"
"SOC257","Stabilised","RDC044","2024-05-01","114","3534","3180.6","3180.6","0","0"
"UOC257","UW","RDC044","2024-05-01","115","3565","3119.375","3119.375","0","0"
"FOC258","Forecast","RDC044","2024-06-01","114","3420","3146.4","3146.4","0","0"
"SOC258","Stabilised","RDC044","2024-06-01","114","3420","3078.0","3078.0","0","0"
"UOC258","UW","RDC044","2024-06-01","115","3450","3018.75","3018.75","0","0"
"FOC259","Forecast","RDC044","2024-07-01","114","3534","2650.5","2650.5","0","0"
"SOC259","Stabilised","RDC044","2024-07-01","114","3534","2650.5","2650.5","0","0"
"UOC259","UW","RDC044","2024-07-01","115","3565","3119.375","3119.375","0","0"
"FOC260","Forecast","RDC044","2024-08-01","114","3534","1413.6000000000001","1413.6000000000001","0","0"
"SOC260","Stabilised","RDC044","2024-08-01","114","3534","1802.34","1802.34","0","0"
"UOC260","UW","RDC044","2024-08-01","115","3565","3119.375","3119.375","0","0"
"FOC261","Forecast","RDC044","2024-09-01","114","3420","3078.0000000000005","3078.0000000000005","0","0"
"SOC261","Stabilised","RDC044","2024-09-01","114","3420","2975.4","2975.4","0","0"
"UOC261","UW","RDC044","2024-09-01","115","3450","3018.75","3018.75","0","0"
"FOC262","Forecast","RDC044","2024-10-01","114","3534","3392.64","3392.64","0","0"
"SOC262","Stabilised","RDC044","2024-10-01","114","3534","3321.96","3321.96","0","0"
"UOC262","UW","RDC044","2024-10-01","115","3565","3119.375","3119.375","0","0"
"FOC263","Forecast","RDC044","2024-11-01","114","3420","3283.2","3283.2","0","0"
"SOC263","Stabilised","RDC044","2024-11-01","114","3420","3214.7999999999997","3214.7999999999997","0","0"
"UOC263","UW","RDC044","2024-11-01","115","3450","3018.75","3018.75","0","0"
"FOC264","Forecast","RDC044","2024-12-01","114","3534","3357.2999999999997","3357.2999999999997","0","0"
"SOC264","Stabilised","RDC044","2024-12-01","114","3534","3286.6200000000003","3286.6200000000003","0","0"
"UOC264","UW","RDC044","2024-12-01","115","3565","3119.375","3119.375","0","0"
"FOC265","Forecast","ROB67B","2024-01-01","61","1891","1853.18","1853.18","0","0"
"SOC265","Stabilised","ROB67B","2024-01-01","61","1891","0","0","0","0"
"UOC265","UW","ROB67B","2024-01-01","61","1891","0","0","0","0"
"FOC266","Forecast","ROB67B","2024-02-01","61","1769","1733.6200000000001","1733.6200000000001","0","0"
"SOC266","Stabilised","ROB67B","2024-02-01","61","1769","0","0","0","0"
"UOC266","UW","ROB67B","2024-02-01","61","1769","0","0","0","0"
"FOC267","Forecast","ROB67B","2024-03-01","61","1891","1853.18","1853.18","0","0"
"SOC267","Stabilised","ROB67B","2024-03-01","61","1891","0","0","0","0"
"UOC267","UW","ROB67B","2024-03-01","61","1891","0","0","0","0"
"FOC268","Forecast","ROB67B","2024-04-01","61","1830","1793.4","1793.4","0","0"
"SOC268","Stabilised","ROB67B","2024-04-01","61","1830","0","0","0","0"
"UOC268","UW","ROB67B","2024-04-01","61","1830","0","0","0","0"
"FOC269","Forecast","ROB67B","2024-05-01","61","1891","1853.18","1853.18","0","0"
"SOC269","Stabilised","ROB67B","2024-05-01","61","1891","0","0","0","0"
"UOC269","UW","ROB67B","2024-05-01","61","1891","0","0","0","0"
"FOC270","Forecast","ROB67B","2024-06-01","61","1830","1793.4","1793.4","0","0"
"SOC270","Stabilised","ROB67B","2024-06-01","61","1830","0","0","0","0"
"UOC270","UW","ROB67B","2024-06-01","61","1830","0","0","0","0"
"FOC271","Forecast","ROB67B","2024-07-01","61","1891","1418.25","1418.25","0","0"
"SOC271","Stabilised","ROB67B","2024-07-01","61","1891","0","0","0","0"
"UOC271","UW","ROB67B","2024-07-01","61","1891","0","0","0","0"
"FOC272","Forecast","ROB67B","2024-08-01","61","1891","37.82","37.82","0","0"
"SOC272","Stabilised","ROB67B","2024-08-01","61","1891","0","0","0","0"
"UOC272","UW","ROB67B","2024-08-01","61","1891","0","0","0","0"
"FOC273","Forecast","ROB67B","2024-09-01","61","1830","109.8","109.8","0","0"
"SOC273","Stabilised","ROB67B","2024-09-01","61","1830","0","0","0","0"
"UOC273","UW","ROB67B","2024-09-01","61","1830","0","0","0","0"
"FOC274","Forecast","ROB67B","2024-10-01","61","1891","113.46","113.46","0","0"
"SOC274","Stabilised","ROB67B","2024-10-01","61","1891","0","0","0","0"
"UOC274","UW","ROB67B","2024-10-01","61","1891","0","0","0","0"
"FOC275","Forecast","ROB67B","2024-11-01","61","1830","109.8","109.8","0","0"
"SOC275","Stabilised","ROB67B","2024-11-01","61","1830","0","0","0","0"
"UOC275","UW","ROB67B","2024-11-01","61","1830","0","0","0","0"
"FOC276","Forecast","ROB67B","2024-12-01","61","1891","113.46","113.46","0","0"
"SOC276","Stabilised","ROB67B","2024-12-01","61","1891","0","0","0","0"
"UOC276","UW","ROB67B","2024-12-01","61","1891","0","0","0","0"
"FOC277","Forecast","SAL046","2024-01-01","60","1860","1767","1767","0","0"
"SOC277","Stabilised","SAL046","2024-01-01","60","1860","1767.0","1767.0","0","0"
"UOC277","UW","SAL046","2024-01-01","53","1643","1437.625","1437.625","0","0"
"FOC278","Forecast","SAL046","2024-02-01","60","1740","1653","1653","0","0"
"SOC278","Stabilised","SAL046","2024-02-01","60","1740","1653.0","1653.0","0","0"
"UOC278","UW","SAL046","2024-02-01","58","1682","1471.75","1471.75","0","0"
"FOC279","Forecast","SAL046","2024-03-01","60","1860","1767","1767","0","0"
"SOC279","Stabilised","SAL046","2024-03-01","60","1860","1729.8000000000002","1729.8000000000002","0","0"
"UOC279","UW","SAL046","2024-03-01","58","1798","1573.25","1573.25","0","0"
"FOC280","Forecast","SAL046","2024-04-01","60","1800","1710","1710","0","0"
"SOC280","Stabilised","SAL046","2024-04-01","60","1800","1674.0","1674.0","0","0"
"UOC280","UW","SAL046","2024-04-01","58","1740","1522.5","1522.5","0","0"
"FOC281","Forecast","SAL046","2024-05-01","60","1860","1711.2","1711.2","0","0"
"SOC281","Stabilised","SAL046","2024-05-01","60","1860","1674.0","1674.0","0","0"
"UOC281","UW","SAL046","2024-05-01","58","1798","1573.25","1573.25","0","0"
"FOC282","Forecast","SAL046","2024-06-01","60","1800","1656.0","1656.0","0","0"
"SOC282","Stabilised","SAL046","2024-06-01","60","1800","1620.0","1620.0","0","0"
"UOC282","UW","SAL046","2024-06-01","58","1740","1522.5","1522.5","0","0"
"FOC283","Forecast","SAL046","2024-07-01","60","1860","1395","1395","0","0"
"SOC283","Stabilised","SAL046","2024-07-01","60","1860","1395.0","1395.0","0","0"
"UOC283","UW","SAL046","2024-07-01","58","1798","1573.25","1573.25","0","0"
"FOC284","Forecast","SAL046","2024-08-01","60","1860","744","744","0","0"
"SOC284","Stabilised","SAL046","2024-08-01","60","1860","948.6","948.6","0","0"
"UOC284","UW","SAL046","2024-08-01","58","1798","1573.25","1573.25","0","0"
"FOC285","Forecast","SAL046","2024-09-01","60","1800","1620","1620","0","0"
"SOC285","Stabilised","SAL046","2024-09-01","60","1800","1566.0","1566.0","0","0"
"UOC285","UW","SAL046","2024-09-01","58","1740","1522.5","1522.5","0","0"
"FOC286","Forecast","SAL046","2024-10-01","60","1860","1785.6","1785.6","0","0"
"SOC286","Stabilised","SAL046","2024-10-01","60","1860","1748.3999999999999","1748.3999999999999","0","0"
"UOC286","UW","SAL046","2024-10-01","58","1798","1573.25","1573.25","0","0"
"FOC287","Forecast","SAL046","2024-11-01","60","1800","1727.9999999999998","1727.9999999999998","0","0"
"SOC287","Stabilised","SAL046","2024-11-01","60","1800","1692.0","1692.0","0","0"
"UOC287","UW","SAL046","2024-11-01","58","1740","1522.5","1522.5","0","0"
"FOC288","Forecast","SAL046","2024-12-01","60","1860","1767","1767","0","0"
"SOC288","Stabilised","SAL046","2024-12-01","60","1860","1729.8000000000002","1729.8000000000002","0","0"
"UOC288","UW","SAL046","2024-12-01","58","1798","1573.25","1573.25","0","0"
"FOC289","Forecast","SAR326","2024-01-01","14","434","412.29999999999995","412.29999999999995","0","0"
"SOC289","Stabilised","SAR326","2024-01-01","14","434","0","0","0","0"
"UOC289","UW","SAR326","2024-01-01","14","434","0","0","0","0"
"FOC290","Forecast","SAR326","2024-02-01","14","406","385.7","385.7","0","0"
"SOC290","Stabilised","SAR326","2024-02-01","14","406","0","0","0","0"
"UOC290","UW","SAR326","2024-02-01","14","406","0","0","0","0"
"FOC291","Forecast","SAR326","2024-03-01","14","434","412.29999999999995","412.29999999999995","0","0"
"SOC291","Stabilised","SAR326","2024-03-01","14","434","0","0","0","0"
"UOC291","UW","SAR326","2024-03-01","14","434","0","0","0","0"
"FOC292","Forecast","SAR326","2024-04-01","14","420","398.99999999999994","398.99999999999994","0","0"
"SOC292","Stabilised","SAR326","2024-04-01","14","420","0","0","0","0"
"UOC292","UW","SAR326","2024-04-01","14","420","0","0","0","0"
"FOC293","Forecast","SAR326","2024-05-01","14","434","412.29999999999995","412.29999999999995","0","0"
"SOC293","Stabilised","SAR326","2024-05-01","14","434","0","0","0","0"
"UOC293","UW","SAR326","2024-05-01","14","434","0","0","0","0"
"FOC294","Forecast","SAR326","2024-06-01","14","420","398.99999999999994","398.99999999999994","0","0"
"SOC294","Stabilised","SAR326","2024-06-01","14","420","0","0","0","0"
"UOC294","UW","SAR326","2024-06-01","14","420","0","0","0","0"
"FOC295","Forecast","SAR326","2024-07-01","14","434","412.29999999999995","412.29999999999995","0","0"
"SOC295","Stabilised","SAR326","2024-07-01","14","434","0","0","0","0"
"UOC295","UW","SAR326","2024-07-01","14","434","0","0","0","0"
"FOC296","Forecast","SAR326","2024-08-01","14","434","0","0","0","0"
"SOC296","Stabilised","SAR326","2024-08-01","14","434","0","0","0","0"
"UOC296","UW","SAR326","2024-08-01","14","434","0","0","0","0"
"FOC297","Forecast","SAR326","2024-09-01","14","420","398.99999999999994","398.99999999999994","0","0"
"SOC297","Stabilised","SAR326","2024-09-01","14","420","0","0","0","0"
"UOC297","UW","SAR326","2024-09-01","14","420","0","0","0","0"
"FOC298","Forecast","SAR326","2024-10-01","14","434","412.29999999999995","412.29999999999995","0","0"
"SOC298","Stabilised","SAR326","2024-10-01","14","434","0","0","0","0"
"UOC298","UW","SAR326","2024-10-01","14","434","0","0","0","0"
"FOC299","Forecast","SAR326","2024-11-01","14","420","398.99999999999994","398.99999999999994","0","0"
"SOC299","Stabilised","SAR326","2024-11-01","14","420","0","0","0","0"
"UOC299","UW","SAR326","2024-11-01","14","420","0","0","0","0"
"FOC300","Forecast","SAR326","2024-12-01","14","434","412.29999999999995","412.29999999999995","0","0"
"SOC300","Stabilised","SAR326","2024-12-01","14","434","0","0","0","0"
"UOC300","UW","SAR326","2024-12-01","14","434","0","0","0","0"
"FOC301","Forecast","TDG043","2024-01-01","83","2573","2444.35","2444.35","0","0"
"SOC301","Stabilised","TDG043","2024-01-01","83","2573","0","0","0","0"
"UOC301","UW","TDG043","2024-01-01","83","2573","0","0","0","0"
"FOC302","Forecast","TDG043","2024-02-01","83","2407","2286.6499999999996","2286.6499999999996","0","0"
"SOC302","Stabilised","TDG043","2024-02-01","83","2407","0","0","0","0"
"UOC302","UW","TDG043","2024-02-01","83","2407","0","0","0","0"
"FOC303","Forecast","TDG043","2024-03-01","83","2573","2444.35","2444.35","0","0"
"SOC303","Stabilised","TDG043","2024-03-01","83","2573","0","0","0","0"
"UOC303","UW","TDG043","2024-03-01","83","2573","0","0","0","0"
"FOC304","Forecast","TDG043","2024-04-01","83","2490","2365.5","2365.5","0","0"
"SOC304","Stabilised","TDG043","2024-04-01","83","2490","0","0","0","0"
"UOC304","UW","TDG043","2024-04-01","83","2490","0","0","0","0"
"FOC305","Forecast","TDG043","2024-05-01","83","2573","1286.5","1286.5","0","0"
"SOC305","Stabilised","TDG043","2024-05-01","83","2573","0","0","0","0"
"UOC305","UW","TDG043","2024-05-01","83","2573","0","0","0","0"
"FOC306","Forecast","TDG043","2024-06-01","83","2490","2365.5","2365.5","0","0"
"SOC306","Stabilised","TDG043","2024-06-01","83","2490","0","0","0","0"
"UOC306","UW","TDG043","2024-06-01","83","2490","0","0","0","0"
"FOC307","Forecast","TDG043","2024-07-01","83","2573","2058.4","2058.4","0","0"
"SOC307","Stabilised","TDG043","2024-07-01","83","2573","0","0","0","0"
"UOC307","UW","TDG043","2024-07-01","83","2573","0","0","0","0"
"FOC308","Forecast","TDG043","2024-08-01","83","2573","514.6","514.6","0","0"
"SOC308","Stabilised","TDG043","2024-08-01","83","2573","0","0","0","0"
"UOC308","UW","TDG043","2024-08-01","83","2573","0","0","0","0"
"FOC309","Forecast","TDG043","2024-09-01","83","2490","2241.0","2241.0","0","0"
"SOC309","Stabilised","TDG043","2024-09-01","83","2490","0","0","0","0"
"UOC309","UW","TDG043","2024-09-01","83","2490","0","0","0","0"
"FOC310","Forecast","TDG043","2024-10-01","83","2573","2315.7000000000003","2315.7000000000003","0","0"
"SOC310","Stabilised","TDG043","2024-10-01","83","2573","0","0","0","0"
"UOC310","UW","TDG043","2024-10-01","83","2573","0","0","0","0"
"FOC311","Forecast","TDG043","2024-11-01","83","2490","2241.0","2241.0","0","0"
"SOC311","Stabilised","TDG043","2024-11-01","83","2490","0","0","0","0"
"UOC311","UW","TDG043","2024-11-01","83","2490","0","0","0","0"
"FOC312","Forecast","TDG043","2024-12-01","83","2573","2315.7000000000003","2315.7000000000003","0","0"
"SOC312","Stabilised","TDG043","2024-12-01","83","2573","0","0","0","0"
"UOC312","UW","TDG043","2024-12-01","83","2573","0","0","0","0"
